Country Name,Country Code,Series Name,Series Code,1990 [YR1990],1991 [YR1991],1992 [YR1992],1993 [YR1993],1994 [YR1994],1995 [YR1995],1996 [YR1996],1997 [YR1997],1998 [YR1998],1999 [YR1999],2000 [YR2000],2001 [YR2001],2002 [YR2002],2003 [YR2003],2004 [YR2004],2005 [YR2005],2006 [YR2006],2007 [YR2007],2008 [YR2008],2009 [YR2009],2010 [YR2010],2011 [YR2011],2012 [YR2012],2013 [YR2013],2014 [YR2014],2015 [YR2015],2016 [YR2016],2017 [YR2017],2018 [YR2018],2019 [YR2019],2020 [YR2020]
Afghanistan,AFG,Adolescents out of school (% of lower secondary school age),SE.SEC.UNER.LO.ZS,..,..,..,..,..,..,..,..,..,..,..,..,..,..,..,..,..,..,..,..,..,..,..,..,..,..,..,..,..,..,..
Albania,ALB,Adolescents out of school (% of lower secondary school age),SE.SEC.UNER.LO.ZS,..,..,..,..,..,..,..,..,..,..,7.12166976928711,6.31571006774902,..,..,..,..,..,..,..,..,..,..,..,5.42662000656128,5.24217987060547,3.05840992927551,5.17389011383057,6.07263994216919,3.05679988861084,3.69732999801636,3.54767990112305
Algeria,DZA,Adolescents out of school (% of lower secondary school age),SE.SEC.UNER.LO.ZS,..,..,..,..,..,24.6312999725342,24.528829574585,20.8300895690918,..,..,..,..,..,..,..,..,..,..,..,..,..,..,..,..,..,..,..,..,..,..,..
American Samoa,ASM,Adolescents out of school (% of lower secondary school age),SE.SEC.UNER.LO.ZS,..,..,..,..,..,..,..,..,..,..,..,..,..,..,..,..,..,..,..,..,..,..,..,..,..,..,..,..,..,..,..
Andorra,AND,Adolescents out of school (% of lower secondary school age),SE.SEC.UNER.LO.ZS,..,..,..,..,..,..,..,..,..,..,..,..,..,..,..,..,..,..,..,..,..,..,..,..,..,..,..,..,..,..,..
Angola,AGO,Adolescents out of school (% of lower secondary school age),SE.SEC.UNER.LO.ZS,..,..,..,..,..,..,..,..,..,..,..,..,..,..,..,..,..,..,25.7016906738281,25.9446105957031,23.6083202362061,..,..,..,..,..,..,..,..,..,..
Antigua and Barbuda,ATG,Adolescents out of school (% of lower secondary school age),SE.SEC.UNER.LO.ZS,..,..,..,..,..,..,..,..,..,..,..,..,..,..,..,..,..,..,..,..,..,..,..,2.7876501083374,2.09877991676331,1.29970002174377,5.28152990341187,4.68527984619141,1.43780994415283,2.5163300037384,..
Arab World,ARB,Adolescents out of school (% of lower secondary school age),SE.SEC.UNER.LO.ZS,34.5598106384277,33.8427085876465,34.0791893005371,32.8020401000977,33.9935607910156,33.2030181884766,31.6671504974365,30.7263107299805,29.9802398681641,28.8483600616455,27.7920207977295,27.0070495605469,25.9980201721191,25.0787506103516,24.0077705383301,22.9897994995117,22.7703609466553,22.4803009033203,21.7737197875977,20.4837303161621,20.3441791534424,20.3355693817139,19.0652103424072,21.6082096099854,20.438419342041,19.4983406066895,18.6545600891113,18.4551696777344,17.2206993103027,16.3692207336426,16.8374691009521
Argentina,ARG,Adolescents out of school (% of lower secondary school age),SE.SEC.UNER.LO.ZS,..,..,..,..,..,..,..,..,3.5704300403595,2.59710001945496,0.834389984607697,1.48795998096466,2.59471011161804,2.81599998474121,1.74855995178223,1.99969005584717,3.08558988571167,2.72104001045227,2.61453008651733,2.42864990234375,1.66972005367279,1.98483002185822,1.11117994785309,0.772560000419617,0.511280000209808,0.383439987897873,0.129409998655319,0.00779000017791986,0.114450000226498,0.93901002407074,..
Armenia,ARM,Adolescents out of school (% of lower secondary school age),SE.SEC.UNER.LO.ZS,..,..,..,..,..,..,..,..,..,..,..,..,..,..,..,6.05935001373291,6.21007013320923,5.43893003463745,..,2.05745005607605,2.48380994796753,5.25777006149292,..,..,..,..,6.79751014709473,7.37140989303589,8.21479034423828,10.2948198318481,9.77754020690918
Aruba,ABW,Adolescents out of school (% of lower secondary school age),SE.SEC.UNER.LO.ZS,..,..,..,..,..,..,..,..,..,0.247490003705025,7.5594801902771,13.2011995315552,1.00892996788025,5.8659200668335,4.30569982528687,6.07143020629883,..,3.8473699092865,3.82409000396729,7.4278302192688,..,..,..,..,..,..,..,..,..,..,..
Australia,AUS,Adolescents out of school (% of lower secondary school age),SE.SEC.UNER.LO.ZS,..,..,..,1.02070999145508,1.45996999740601,1.59851002693176,0.827610015869141,..,..,..,..,..,..,..,..,..,..,..,..,..,..,..,..,0.616469979286194,0.421920001506805,0.169729992747307,1.09826004505157,1.88276994228363,2.45424008369446,1.97146999835968,2.02185988426209
Austria,AUT,Adolescents out of school (% of lower secondary school age),SE.SEC.UNER.LO.ZS,..,..,..,..,..,..,..,..,..,1.70553004741669,0.271840006113052,..,0.0682500004768372,0.0688899978995323,0.208590000867844,0.949050009250641,2.21451997756958,2.25821995735168,2.02961993217468,1.69470000267029,1.92084002494812,2.51967000961304,3.526859998703,3.25781011581421,2.87491989135742,1.97000002861023,0.337379992008209,0.155849993228912,0.312209993600845,0.796649992465973,..
Azerbaijan,AZE,Adolescents out of school (% of lower secondary school age),SE.SEC.UNER.LO.ZS,..,..,..,..,..,..,..,..,..,..,..,..,..,..,..,..,10.3665399551392,11.2097702026367,10.7513799667358,11.0311002731323,11.6145696640015,12.6299295425415,12.8354997634888,12.7380504608154,12.6045703887939,9.79391002655029,5.98042011260986,0.425509989261627,0.521350026130676,0.172849997878075,0.624230027198792
"Bahamas, The",BHS,Adolescents out of school (% of lower secondary school age),SE.SEC.UNER.LO.ZS,..,..,0.468710005283356,..,..,..,..,..,..,8.04314994812012,..,..,..,..,11.3345804214478,3.41480994224548,..,..,..,..,..,..,..,..,..,..,..,..,..,..,..
Bahrain,BHR,Adolescents out of school (% of lower secondary school age),SE.SEC.UNER.LO.ZS,..,..,0,..,0.205320000648499,0.244369998574257,..,2.16326999664307,1.19235002994537,0.567629992961884,2.0700900554657,0.324510008096695,0.88222998380661,0.751160025596619,1.68350994586945,3.04678010940552,3.21578001976013,..,..,..,..,9.82534980773926,10.8256397247314,5.9522500038147,2.7902500629425,2.41261005401611,2.982990026474,3.9765899181366,4.73999977111816,3.73934006690979,..
Bangladesh,BGD,Adolescents out of school (% of lower secondary school age),SE.SEC.UNER.LO.ZS,..,..,..,..,..,..,..,..,..,..,..,..,..,..,..,30.0802898406982,30.389139175415,..,..,27.3181304931641,25.7105808258057,..,..,..,39.7843399047852,36.9220390319824,34.8608894348145,33.1273918151855,..,..,..
Barbados,BRB,Adolescents out of school (% of lower secondary school age),SE.SEC.UNER.LO.ZS,..,..,..,..,..,..,..,..,..,3.54098010063171,6.05710983276367,7.99004983901978,1.9570300579071,3.00601005554199,2.45921993255615,3.97251009941101,4.67699003219604,8.4246301651001,14.1347303390503,9.50559997558594,10.3067502975464,7.25160980224609,..,..,1.1981600522995,1.19533002376556,3.09310007095337,1.81275999546051,3.83275008201599,5.01318979263306,3.66317009925842
Belarus,BLR,Adolescents out of school (% of lower secondary school age),SE.SEC.UNER.LO.ZS,..,..,..,..,..,..,..,..,..,..,..,2.86079001426697,2.25325989723206,2.19775009155273,1.05272996425629,1.10563004016876,1.20331001281738,1.4909600019455,..,..,1.9941600561142,2.06898999214172,2.00661993026733,0.0963200032711029,0.0142500000074506,0.0744500011205673,0.151470005512238,1.29166996479034,1.05734002590179,0.264329999685287,0.140129998326302
Belgium,BEL,Adolescents out of school (% of lower secondary school age),SE.SEC.UNER.LO.ZS,..,..,..,0.017960000783205,0.234380006790161,0.0719000026583672,0.87023001909256,..,..,3.29027009010315,1.44130003452301,0.0523299984633923,0.0653399974107742,0.117229998111725,0.0204700008034706,0.225500002503395,1.07105004787445,4.43322992324829,5.41413021087646,3.96536993980408,2.21689009666443,1.37316000461578,1.34263002872467,0.699840009212494,0.768400013446808,2.41606998443604,2.89364004135132,1.38068997859955,0.858690023422241,0.33254000544548,..
Belize,BLZ,Adolescents out of school (% of lower secondary school age),SE.SEC.UNER.LO.ZS,..,..,..,..,..,..,..,..,..,9.99648952484131,5.45984983444214,7.88672018051147,..,3.49200010299683,..,8.00199031829834,10.1641902923584,10.7544403076172,12.2263698577881,12.8491802215576,13.1736297607422,13.7767896652222,9.29973983764648,9.02840995788574,9.73824977874756,11.1883697509766,12.33726978302,11.22523021698,10.1115703582764,10.0421600341797,15.2496004104614
Benin,BEN,Adolescents out of school (% of lower secondary school age),SE.SEC.UNER.LO.ZS,..,..,..,..,..,..,..,..,..,..,..,..,..,..,..,..,..,..,..,..,..,..,..,34.4087104797363,..,50.952579498291,..,..,..,..,42.0731010437012
Bermuda,BMU,Adolescents out of school (% of lower secondary school age),SE.SEC.UNER.LO.ZS,..,..,..,..,..,..,..,..,..,..,..,..,..,..,..,..,..,..,..,..,..,17.1815490722656,..,..,..,..,..,..,..,..,..
Bhutan,BTN,Adolescents out of school (% of lower secondary school age),SE.SEC.UNER.LO.ZS,..,..,..,..,..,..,..,..,52.8612518310547,50.7157516479492,48.8170585632324,46.0739784240723,..,..,..,36.2640113830566,33.4434394836426,..,26.0267295837402,26.135139465332,22.4297103881836,19.7401695251465,16.5583095550537,18.6154098510742,..,15.0201797485352,14.4161901473999,13.1072702407837,12.0171699523926,..,..
Bolivia,BOL,Adolescents out of school (% of lower secondary school age),SE.SEC.UNER.LO.ZS,..,..,..,..,..,..,..,..,11.0779399871826,4.55635976791382,2.80914998054504,..,..,..,..,..,..,..,..,3.63887000083923,4.33926010131836,6.0247597694397,3.50822997093201,4.43794012069702,8.37771034240723,10.7659902572632,12.8190402984619,14.5239601135254,13.4680795669556,..,11.5923700332642
Bosnia and Herzegovina,BIH,Adolescents out of school (% of lower secondary school age),SE.SEC.UNER.LO.ZS,..,..,..,..,..,..,..,..,..,..,..,..,..,..,..,..,..,..,..,..,..,..,..,..,24.2437591552734,17.3882694244385,10.0781202316284,6.82525014877319,6.18157005310059,..,..
Botswana,BWA,Adolescents out of school (% of lower secondary school age),SE.SEC.UNER.LO.ZS,17.9360103607178,8.60416984558105,14.2173404693604,11.3855304718018,8.96242046356201,3.94183993339539,..,..,..,2.2942099571228,3.1692099571228,..,1.7166600227356,1.60771000385284,..,..,..,..,..,..,..,..,7.92195987701416,5.74604988098145,4.77799987792969,6.569580078125,..,9.9448299407959,..,..,..
Brazil,BRA,Adolescents out of school (% of lower secondary school age),SE.SEC.UNER.LO.ZS,..,..,..,..,..,..,..,..,..,..,..,..,..,..,..,..,..,5.11336994171143,..,1.03012001514435,..,3.36431002616882,5.60056018829346,4.49730014801025,5.1853199005127,4.43385982513428,3.18606996536255,4.46414995193481,2.43722009658813,2.35420989990234,..
British Virgin Islands,VGB,Adolescents out of school (% of lower secondary school age),SE.SEC.UNER.LO.ZS,..,..,9.06863021850586,..,0.241720005869865,..,..,..,..,..,4.09233999252319,..,..,..,..,..,..,..,..,..,..,7.85952997207642,4.64371013641357,7.30949020385742,4.88549995422363,4.82655000686646,..,..,..,..,..
Brunei Darussalam,BRN,Adolescents out of school (% of lower secondary school age),SE.SEC.UNER.LO.ZS,..,..,..,..,..,..,..,..,..,..,..,..,..,..,..,0.261590003967285,1.71203994750977,1.12252998352051,0.414370000362396,1.34105002880096,2.85035991668701,0.517159998416901,0.728200018405914,1.3829300403595,2.79116010665894,1.35317003726959,0.97257000207901,0.183329999446869,0.320499986410141,3.12667989730835,0.256199985742569
Bulgaria,BGR,Adolescents out of school (% of lower secondary school age),SE.SEC.UNER.LO.ZS,..,..,..,..,..,..,4.63534021377563,4.26635980606079,3.69893002510071,4.41695022583008,4.4351601600647,3.40095996856689,3.5039598941803,3.01610994338989,3.44937992095947,4.18416976928711,6.84368991851807,8.03069019317627,9.57557964324951,10.778980255127,9.14822959899902,5.4055700302124,3.64174008369446,0.244639992713928,0.224319994449615,2.81728005409241,7.13146018981934,10.0508298873901,12.8575801849365,14.5741100311279,..
Burkina Faso,BFA,Adolescents out of school (% of lower secondary school age),SE.SEC.UNER.LO.ZS,..,..,..,..,..,..,..,..,..,79.4774703979492,..,83.8613967895508,..,81.1589202880859,79.5477828979492,80.6372299194336,77.7369003295898,76.6632232666016,73.6893615722656,69.4444885253906,54.0641899108887,52.3981094360352,49.9891395568848,46.9176788330078,44.0356101989746,41.9793701171875,48.0201683044434,46.961540222168,43.8454284667969,46.1456413269043,46.7087516784668
Burundi,BDI,Adolescents out of school (% of lower secondary school age),SE.SEC.UNER.LO.ZS,..,..,..,67.4255599975586,..,..,..,..,..,..,..,..,..,..,..,..,..,..,..,35.7268600463867,30.8298091888428,..,..,..,..,..,..,31.064380645752,32.7900009155273,33.6690483093262,..
Cabo Verde,CPV,Adolescents out of school (% of lower secondary school age),SE.SEC.UNER.LO.ZS,..,..,..,..,42.6015014648438,..,..,..,..,..,..,..,0.779950022697449,4.00825977325439,6.1703200340271,4.01113986968994,6.73084020614624,7.29958009719849,..,6.7175498008728,7.56124019622803,..,7.32730007171631,6.75263977050781,8.69705009460449,11.1814804077148,12.7014598846436,13.3167400360107,13.4647397994995,12.5143899917603,..
Cambodia,KHM,Adolescents out of school (% of lower secondary school age),SE.SEC.UNER.LO.ZS,..,..,..,..,..,..,..,..,84.1205215454102,86.4085998535156,85.4844436645508,83.4598617553711,78.9908218383789,75.2663497924805,75.6769485473633,71.3218078613281,36.5310211181641,16.8834896087646,21.6156806945801,..,16.2242698669434,28.5969905853271,26.886100769043,..,17.1771106719971,13.3080902099609,..,..,..,..,14.669810295105
Cameroon,CMR,Adolescents out of school (% of lower secondary school age),SE.SEC.UNER.LO.ZS,..,..,..,..,..,..,..,..,..,..,..,..,..,..,..,..,..,..,..,..,..,..,38.0708198547363,..,36.3788299560547,35.4098205566406,36.7166290283203,..,..,..,..
Canada,CAN,Adolescents out of school (% of lower secondary school age),SE.SEC.UNER.LO.ZS,..,..,..,..,0.434700012207031,..,..,..,..,..,..,..,..,..,..,..,..,..,..,..,..,..,0.300940006971359,0.488719999790192,0.287360012531281,0.0724800005555153,..,..,..,..,..
Caribbean small states,CSS,Adolescents out of school (% of lower secondary school age),SE.SEC.UNER.LO.ZS,11.2481803894043,11.4311399459839,11.2776899337769,11.0422096252441,12.024299621582,12.2518997192383,12.4816904067993,12.7263498306274,12.7140398025513,11.7089996337891,12.394359588623,13.2834396362305,13.2852697372437,12.5608797073364,10.0645503997803,10.1540298461914,10.3527402877808,10.8525199890137,10.481840133667,10.4644804000854,9.91777992248535,8.977370262146,8.68284034729004,13.7324800491333,11.9134502410889,12.1334295272827,12.8542098999023,13.2635202407837,12.1576499938965,12.2062997817993,14.7949199676514
Cayman Islands,CYM,Adolescents out of school (% of lower secondary school age),SE.SEC.UNER.LO.ZS,..,..,..,..,..,..,..,..,..,16.2869205474854,3.2106499671936,18.4671497344971,10.3357496261597,..,16.0045394897461,12.3783798217773,17.0769996643066,14.3657703399658,14.4590501785278,..,..,10.6715297698975,11.7497501373291,10.1678199768066,12.5239896774292,13.7963399887085,17.387300491333,13.2117395401001,19.6374607086182,20.8158092498779,..
Central African Republic,CAF,Adolescents out of school (% of lower secondary school age),SE.SEC.UNER.LO.ZS,..,..,..,..,..,..,..,..,..,..,..,..,..,..,..,..,..,..,..,58.2056083679199,..,55.5143508911133,55.9061813354492,..,..,..,..,52.1175498962402,..,..,..
Central Europe and the Baltics,CEB,Adolescents out of school (% of lower secondary school age),SE.SEC.UNER.LO.ZS,..,..,..,..,..,..,..,4.53035020828247,4.59469985961914,3.75722002983093,3.61344003677368,4.46547985076904,3.87283992767334,3.89076995849609,3.33447003364563,3.24458003044128,3.59652996063232,4.42530012130737,5.49405002593994,6.06805992126465,5.78796005249023,5.09537982940674,4.29068994522095,3.79839992523193,3.3478798866272,3.41061997413635,3.80013990402222,4.15939998626709,4.47002983093262,5.34951019287109,5.34784984588623
Chad,TCD,Adolescents out of school (% of lower secondary school age),SE.SEC.UNER.LO.ZS,..,..,..,..,..,..,..,..,75.2916030883789,74.9458770751953,72.7132034301758,69.7315826416016,68.1753234863281,66.7460174560547,..,..,..,..,..,..,..,..,..,..,..,61.8861083984375,60.7304916381836,65.9924011230469,60.5888404846191,62.2238616943359,..
Channel Islands,CHI,Adolescents out of school (% of lower secondary school age),SE.SEC.UNER.LO.ZS,..,..,..,..,..,..,..,..,..,..,..,..,..,..,..,..,..,..,..,..,..,..,..,..,..,..,..,..,..,..,..
Chile,CHL,Adolescents out of school (% of lower secondary school age),SE.SEC.UNER.LO.ZS,..,..,..,..,..,..,..,..,..,..,..,..,..,..,..,..,..,4.28372001647949,4.35434007644653,5.23668003082275,3.09738993644714,2.72604990005493,2.88217997550964,2.11232995986938,1.28684997558594,2.17895007133484,3.31977009773254,5.03872013092041,5.29436016082764,3.8655800819397,..
China,CHN,Adolescents out of school (% of lower secondary school age),SE.SEC.UNER.LO.ZS,..,..,..,..,..,..,..,..,..,..,..,..,..,..,..,..,..,..,..,..,..,..,..,..,..,..,..,..,..,..,..
Colombia,COL,Adolescents out of school (% of lower secondary school age),SE.SEC.UNER.LO.ZS,..,..,..,..,..,..,..,..,..,..,..,..,..,..,..,14.3816204071045,9.26875972747803,7.58937978744507,6.66184997558594,4.41978979110718,4.62029981613159,2.56775999069214,4.44762992858887,4.30770015716553,5.94929981231689,7.97014999389648,8.37236022949219,7.50453996658325,5.90650987625122,3.34085988998413,0.924690008163452
Comoros,COM,Adolescents out of school (% of lower secondary school age),SE.SEC.UNER.LO.ZS,..,..,..,..,..,..,..,..,..,..,..,..,..,..,..,..,..,..,..,..,..,..,..,26.5423793792725,27.8645992279053,..,..,29.5163402557373,19.2076396942139,..,..
"Congo, Dem. Rep.",COD,Adolescents out of school (% of lower secondary school age),SE.SEC.UNER.LO.ZS,..,..,49.633918762207,47.4634590148926,55.5058288574219,..,..,..,..,..,..,..,..,..,..,..,..,..,..,..,..,..,..,..,..,..,..,..,..,..,..
"Congo, Rep.",COG,Adolescents out of school (% of lower secondary school age),SE.SEC.UNER.LO.ZS,..,..,..,..,..,..,..,..,..,..,..,..,..,..,..,..,..,..,..,..,..,..,..,..,..,..,..,..,..,..,..
Costa Rica,CRI,Adolescents out of school (% of lower secondary school age),SE.SEC.UNER.LO.ZS,30.1812000274658,28.9104499816895,26.8368091583252,26.6675701141357,22.932409286499,25.3555507659912,30.7237701416016,..,..,..,..,..,..,..,..,..,..,..,..,..,..,8.34494018554688,8.29716014862061,6.4556999206543,6.26015996932983,5.88149976730347,5.44124984741211,8.59512996673584,3.75116991996765,1.91448998451233,3.85240006446838
Cote d'Ivoire,CIV,Adolescents out of school (% of lower secondary school age),SE.SEC.UNER.LO.ZS,..,..,..,..,..,..,..,..,..,..,..,..,..,..,..,..,..,..,..,..,..,..,..,57.0455207824707,50.3953590393066,51.8118286132813,46.242259979248,44.1079216003418,45.9838714599609,44.4078407287598,41.7712593078613
Croatia,HRV,Adolescents out of school (% of lower secondary school age),SE.SEC.UNER.LO.ZS,..,..,..,..,..,..,..,..,..,7.33543014526367,6.96156978607178,7.77003002166748,6.77682018280029,4.57711982727051,..,0.378210008144379,0.551720023155212,0.84893000125885,..,1.14532995223999,0.828400015830994,1.19228005409241,1.14759004116058,1.83252000808716,1.10553002357483,1.41325998306274,1.25104999542236,..,0.874080002307892,1.10075998306274,..
Cuba,CUB,Adolescents out of school (% of lower secondary school age),SE.SEC.UNER.LO.ZS,12.5881900787354,12.5331497192383,14.9131803512573,..,21.3286991119385,..,..,..,..,3.4209098815918,3.96490001678467,6.74874019622803,3.38835000991821,0.0254299994558096,0.438989996910095,0.379150003194809,0.149069994688034,1.77692997455597,3.58010005950928,6.78938007354736,5.46285009384155,4.78927993774414,3.21117997169495,4.33279991149902,2.6800000667572,2.59803009033203,1.69088995456696,2.72835993766785,5.49461984634399,10.2308702468872,12.4294300079346
Curacao,CUW,Adolescents out of school (% of lower secondary school age),SE.SEC.UNER.LO.ZS,..,..,..,..,..,..,..,..,..,..,..,..,..,..,..,..,..,..,..,..,..,..,..,..,..,..,..,..,..,..,14.6981296539307
Cyprus,CYP,Adolescents out of school (% of lower secondary school age),SE.SEC.UNER.LO.ZS,..,..,..,..,..,..,..,..,..,3.21655988693237,4.56586980819702,3.15851998329163,0.104740001261234,0.654659986495972,1.11789000034332,0.473690003156662,0.338479995727539,0.319220006465912,0.153380006551743,0.338730007410049,3.96834993362427,4.33013010025024,1.41451001167297,0.392969995737076,0.298559993505478,1.86775004863739,2.31316995620728,0.448379993438721,0.273809999227524,0.641269981861115,..
Czech Republic,CZE,Adolescents out of school (% of lower secondary school age),SE.SEC.UNER.LO.ZS,..,..,..,..,..,..,..,..,..,..,..,1.23766005039215,0.388579994440079,..,0.0298500005155802,..,..,..,7.96559000015259,..,..,..,..,0.0598700009286404,0.0981499999761581,0.212259992957115,0.090659998357296,0.67646998167038,1.31692004203796,0.420089989900589,..
Denmark,DNK,Adolescents out of school (% of lower secondary school age),SE.SEC.UNER.LO.ZS,..,..,..,..,..,..,..,..,0.906870007514954,..,0.665629982948303,6.74570989608765,2.94390988349915,..,0.730790019035339,0.527530014514923,0.999080002307892,1.43002998828888,0.62882000207901,0.128700003027916,0.178529992699623,0.320710003376007,2.5306499004364,3.00434994697571,2.89923000335693,2.14710998535156,1.26042997837067,0.545499980449677,0.576460003852844,0.144740000367165,..
Djibouti,DJI,Adolescents out of school (% of lower secondary school age),SE.SEC.UNER.LO.ZS,..,..,..,..,..,..,..,77.6250762939453,..,..,..,76.2752914428711,73.1534118652344,..,69.5142517089844,69.3485565185547,70.5637283325195,66.8460235595703,55.7419509887695,..,..,..,..,..,..,47.6613807678223,..,..,..,..,41.706600189209
Dominica,DMA,Adolescents out of school (% of lower secondary school age),SE.SEC.UNER.LO.ZS,..,..,..,..,..,..,..,..,..,10.5093803405762,..,4.72032022476196,..,3.73583006858826,1.20790994167328,6.9417200088501,18.1075992584229,..,..,22,15.6335496902466,17.0217895507813,..,..,..,2.00299000740051,..,..,..,1.279629945755,2.77674007415771
Dominican Republic,DOM,Adolescents out of school (% of lower secondary school age),SE.SEC.UNER.LO.ZS,..,..,..,..,..,..,..,..,..,17.7547397613525,14.9417104721069,..,6.98836994171143,..,5.87298011779785,5.7952299118042,..,6.34055995941162,4.22426986694336,8.91384983062744,8.0991096496582,6.71818017959595,6.47745990753174,2.10825991630554,1.87740004062653,1.99416995048523,5.72209978103638,7.92184019088745,10.6790704727173,5.6434497833252,8.90030956268311
Early-demographic dividend,EAR,Adolescents out of school (% of lower secondary school age),SE.SEC.UNER.LO.ZS,..,..,..,..,..,..,..,..,34.3970603942871,34.4671516418457,33.5023994445801,32.6731185913086,31.667350769043,29.0310897827148,27.5403900146484,26.5689792633057,25.3131999969482,23.2561893463135,22.7933807373047,22.3568706512451,20.9505500793457,20.1520500183105,18.7310905456543,18.4046001434326,18.0965099334717,16.5335502624512,16.3829193115234,16.7199802398682,16.3056793212891,16.112419128418,15.8346700668335
East Asia & Pacific,EAS,Adolescents out of school (% of lower secondary school age),SE.SEC.UNER.LO.ZS,..,..,..,..,..,..,..,..,21.5277996063232,21.5442008972168,20.8553600311279,19.9667301177979,17.8600292205811,15.5237302780151,13.537540435791,12.330849647522,12.421010017395,10.5312004089355,10.7391300201416,10.0192098617554,9.73278999328613,9.49991035461426,9.29197978973389,9.05622005462646,8.62504959106445,8.44678974151611,8.75730037689209,8.97002029418945,8.89097023010254,9.0175895690918,9.19377040863037
East Asia & Pacific (excluding high income),EAP,Adolescents out of school (% of lower secondary school age),SE.SEC.UNER.LO.ZS,..,..,..,..,..,..,..,..,23.0743198394775,23.0059509277344,22.2333106994629,21.2091293334961,18.9562797546387,16.4680995941162,14.374870300293,13.1223802566528,13.2722301483154,11.2811603546143,11.5032796859741,10.7894601821899,10.4877595901489,10.2324304580688,9.9968900680542,9.72278022766113,9.26362991333008,9.06523036956787,9.31614017486572,9.49032974243164,9.44242000579834,9.49608993530273,9.68715000152588
East Asia & Pacific (IDA & IBRD),TEA,Adolescents out of school (% of lower secondary school age),SE.SEC.UNER.LO.ZS,..,..,..,..,..,..,..,..,23.0966300964355,23.0258808135986,22.2527503967285,21.2240505218506,18.9586791992188,16.4569702148438,14.3482999801636,13.0804796218872,13.2552995681763,11.2635202407837,11.4876098632813,10.7762804031372,10.4736995697021,10.2128896713257,9.9786901473999,9.71006011962891,9.26299953460693,9.07244968414307,9.32532024383545,9.5050802230835,9.46008014678955,9.51097011566162,9.70398998260498
Ecuador,ECU,Adolescents out of school (% of lower secondary school age),SE.SEC.UNER.LO.ZS,..,..,..,..,..,..,..,..,28.5497798919678,27.5417709350586,27.3648490905762,27.4713897705078,26.8219509124756,26.7614402770996,..,24.135950088501,22.9900398254395,22.6632404327393,..,14.6483697891235,13.7241401672363,13.9187602996826,8.57166004180908,1.55882000923157,0.87594997882843,1.54987001419067,1.65898001194,3.75552010536194,4.45150995254517,3.69960999488831,1.53261995315552
"Egypt, Arab Rep.",EGY,Adolescents out of school (% of lower secondary school age),SE.SEC.UNER.LO.ZS,..,..,..,..,23.9800205230713,..,..,..,..,..,..,..,..,15.388219833374,15.3679103851318,..,..,..,..,..,..,..,..,..,10.684760093689,..,4.97799015045166,5.1270899772644,4.20091009140015,2.38686990737915,..
El Salvador,SLV,Adolescents out of school (% of lower secondary school age),SE.SEC.UNER.LO.ZS,..,..,..,..,..,..,..,..,..,..,15.8552799224854,13.6377096176147,8.93529033660889,..,..,4.38675022125244,10.9816303253174,9.7974796295166,8.49851989746094,7.06354999542236,..,..,..,..,..,..,..,..,..,..,..
Equatorial Guinea,GNQ,Adolescents out of school (% of lower secondary school age),SE.SEC.UNER.LO.ZS,..,..,..,..,..,..,..,..,..,..,..,37.4245491027832,..,..,..,..,..,..,..,..,..,..,..,..,..,..,..,..,..,..,..
Eritrea,ERI,Adolescents out of school (% of lower secondary school age),SE.SEC.UNER.LO.ZS,..,..,..,..,47.8683700561523,46.4731292724609,..,47.7274513244629,..,48.1652603149414,44.705020904541,47.682689666748,44.1309013366699,41.0322113037109,42.4359016418457,39.7667503356934,37.892391204834,37.2346801757813,32.1323089599609,29.1583099365234,26.8540992736816,24.3631496429443,25.1372509002686,34.5034790039063,35.5607109069824,35.4238090515137,..,34.9368286132813,36.0802116394043,..,..
Estonia,EST,Adolescents out of school (% of lower secondary school age),SE.SEC.UNER.LO.ZS,..,..,..,..,..,..,..,..,1.48245000839233,1.98415994644165,2.47205996513367,1.83929002285004,1.79966998100281,1.56112003326416,1.24340999126434,1.08350002765656,0.595550000667572,1.69488000869751,4.25331020355225,5.80749988555908,5.66162014007568,2.45006990432739,0.305159986019135,0.762170016765594,0.642289996147156,0.77113002538681,0.466199994087219,1.31356000900269,1.19493997097015,1.34192001819611,..
Eswatini,SWZ,Adolescents out of school (% of lower secondary school age),SE.SEC.UNER.LO.ZS,..,..,..,..,..,..,..,..,..,..,..,..,..,..,..,..,..,..,..,7.15033006668091,10.1884098052979,6.85302019119263,5.32644987106323,2.11952996253967,3.54979991912842,2.76241993904114,..,..,..,..,..
Ethiopia,ETH,Adolescents out of school (% of lower secondary school age),SE.SEC.UNER.LO.ZS,..,..,..,..,..,..,..,..,..,67.8460693359375,66.083740234375,62.2420616149902,57.8239288330078,54.2923393249512,51.6919784545898,48.5315589904785,44.4659004211426,42.5097503662109,41.4982109069824,43.3659591674805,41.0277099609375,42.0244789123535,40.3400611877441,..,47.3188781738281,47.0481300354004,..,..,..,..,..
Euro area,EMU,Adolescents out of school (% of lower secondary school age),SE.SEC.UNER.LO.ZS,2.73641991615295,2.61781001091003,2.80099010467529,2.78017997741699,2.27013993263245,2.27363991737366,2.56329011917114,2.80001997947693,2.37372994422913,2.80211997032166,2.42717003822327,2.07096004486084,1.88288998603821,1.68220996856689,1.71206998825073,0.842760026454926,1.19110000133514,1.89390003681183,1.77761995792389,1.7700799703598,1.92981004714966,2.66574001312256,2.18572998046875,2.17999005317688,2.60800004005432,2.46148991584778,2.41803002357483,2.39929008483887,2.42651009559631,2.21726989746094,2.20707011222839
Europe & Central Asia,ECS,Adolescents out of school (% of lower secondary school age),SE.SEC.UNER.LO.ZS,..,..,..,..,..,..,..,..,6.02420997619629,5.69775009155273,5.11079978942871,4.06344985961914,3.4081699848175,2.28859996795654,2.6528000831604,3.01947999000549,3.24025988578796,3.66945004463196,3.52211999893188,3.42166996002197,3.43635010719299,3.79201006889343,3.55808997154236,3.36911010742188,3.40828990936279,3.28417992591858,3.31147003173828,2.93542003631592,2.50185990333557,2.08475995063782,2.06436991691589
Europe & Central Asia (excluding high income),ECA,Adolescents out of school (% of lower secondary school age),SE.SEC.UNER.LO.ZS,..,..,..,..,..,..,..,..,8.54244995117188,7.94142007827759,7.12317991256714,5.43036985397339,4.49598979949951,2.75355005264282,3.45631003379822,4.59568977355957,4.68333005905151,4.65328979492188,4.47294998168945,4.39691019058228,4.40825986862183,4.54603004455566,4.14668989181519,4.10588979721069,3.9859299659729,4.05247020721436,4.24138021469116,3.63364005088806,2.88639998435974,2.22980999946594,2.19952011108398
Europe & Central Asia (IDA & IBRD),TEC,Adolescents out of school (% of lower secondary school age),SE.SEC.UNER.LO.ZS,..,..,..,..,..,..,..,..,8.2451000213623,7.67617988586426,6.92305994033813,5.3988299369812,4.49176979064941,2.82082009315491,3.41834998130798,4.46008014678955,4.59536981582642,4.66307020187378,4.60192012786865,4.58397006988525,4.57258987426758,4.6907901763916,4.26153993606567,4.19028997421265,4.02347993850708,4.03878021240234,4.18010997772217,3.59605002403259,2.84025001525879,2.26612997055054,2.23737001419067
European Union,EUU,Adolescents out of school (% of lower secondary school age),SE.SEC.UNER.LO.ZS,3.4153299331665,3.33923006057739,3.4466700553894,3.41001009941101,2.84916996955872,2.78145003318787,2.89738988876343,3.01830005645752,2.5855700969696,2.64264011383057,2.42770004272461,2.45210003852844,2.21938991546631,2.08579993247986,1.94233000278473,1.32705998420715,1.70405995845795,2.63127994537354,2.58292007446289,2.54171991348267,2.57961010932922,3.13852000236511,3.05404996871948,2.60584998130798,2.82465004920959,2.54079008102417,2.47238993644714,2.41985011100769,2.48531007766724,2.50110006332397,2.49847006797791
Faroe Islands,FRO,Adolescents out of school (% of lower secondary school age),SE.SEC.UNER.LO.ZS,..,..,..,..,..,..,..,..,..,..,..,..,..,..,..,..,..,..,..,..,..,..,..,..,..,..,..,..,..,..,..
Fiji,FJI,Adolescents out of school (% of lower secondary school age),SE.SEC.UNER.LO.ZS,..,..,..,..,..,..,..,..,..,3.75851011276245,6.20985984802246,6.09163999557495,2.66086006164551,19.30837059021,1.10406005382538,..,..,..,..,2.75124001502991,2.28611993789673,2.04088997840881,3.71750998497009,1.03725004196167,0.682160019874573,..,..,..,..,..,..
Finland,FIN,Adolescents out of school (% of lower secondary school age),SE.SEC.UNER.LO.ZS,..,..,..,..,..,..,..,0.204359993338585,..,0.301259994506836,2.37823009490967,3.3719699382782,2.04167008399963,0.160820007324219,0.10334999859333,0.0235099997371435,0.0218400005251169,1.23978996276855,1.77769994735718,2.34805989265442,1.81166994571686,1.57562005519867,1.95398998260498,1.20859003067017,1.01754999160767,0.741580009460449,0.861930012702942,0.474689990282059,0.0676599964499474,0.146559998393059,..
France,FRA,Adolescents out of school (% of lower secondary school age),SE.SEC.UNER.LO.ZS,..,..,..,..,0.294530004262924,0.326299995183945,0.590409994125366,..,..,4.90731000900269,5.23141002655029,5.64408016204834,6.0230598449707,5.98690986633301,5.90893983840942,0.884339988231659,0.785470008850098,1.074049949646,0.830309987068176,0.693069994449615,0.555109977722168,1.58434998989105,1.6875,1.80315005779266,2.53989005088806,2.01315999031067,1.55781996250153,1.15230000019073,0.959379971027374,0.462029993534088,..
French Polynesia,PYF,Adolescents out of school (% of lower secondary school age),SE.SEC.UNER.LO.ZS,..,..,..,..,..,..,..,..,..,..,..,..,..,..,..,..,..,..,..,..,..,..,..,..,..,..,..,..,..,..,..
Gabon,GAB,Adolescents out of school (% of lower secondary school age),SE.SEC.UNER.LO.ZS,..,..,..,..,..,..,..,..,..,..,..,..,..,..,..,..,..,..,..,..,..,..,..,..,..,..,..,..,..,30.2170791625977,..
"Gambia, The",GMB,Adolescents out of school (% of lower secondary school age),SE.SEC.UNER.LO.ZS,..,..,..,..,..,..,..,..,..,..,..,..,..,..,..,..,41.3911209106445,37.5599899291992,34.7364692687988,..,31.3445606231689,39.5793609619141,37.1116600036621,28.9231204986572,30.2081298828125,27.7250308990479,27.0896091461182,24.5444393157959,19.8076992034912,18.5491504669189,16.3771095275879
Georgia,GEO,Adolescents out of school (% of lower secondary school age),SE.SEC.UNER.LO.ZS,..,..,..,..,..,..,19.5736999511719,12.7399797439575,..,..,..,..,..,..,..,1.3304899930954,..,3.82559990882874,4.67860984802246,2.72439002990723,..,..,..,2.19108009338379,1.45485997200012,0.39258000254631,0.261629998683929,0.198500007390976,0.177880004048347,0.0287399999797344,1.15697002410889
Germany,DEU,Adolescents out of school (% of lower secondary school age),SE.SEC.UNER.LO.ZS,..,..,..,..,..,..,..,..,..,..,..,..,0.349159985780716,0.230880007147789,0.0839999988675117,0.722790002822876,1.72993004322052,2.90346002578735,2.46548008918762,2.19491004943848,2.59137010574341,3.35749006271362,2.13488006591797,3.13701009750366,4.26125001907349,4.68139982223511,4.6457200050354,4.71584987640381,4.67296981811523,4.30336999893188,..
Ghana,GHA,Adolescents out of school (% of lower secondary school age),SE.SEC.UNER.LO.ZS,..,..,..,..,..,..,..,..,..,38.7869300842285,36.7630081176758,38.2846488952637,34.0834617614746,34.8029708862305,..,22.3872604370117,17.2414398193359,21.18869972229,19.0339908599854,19.4308204650879,..,..,..,12.2560596466064,14.9796800613403,9.48773002624512,11.7517004013062,12.0507497787476,15.5330095291138,10.5933704376221,7.61994981765747
Gibraltar,GIB,Adolescents out of school (% of lower secondary school age),SE.SEC.UNER.LO.ZS,..,..,..,..,..,..,..,..,..,..,..,..,..,..,..,..,..,..,..,..,..,..,..,..,..,..,11.7336196899414,2.35262989997864,..,3.67171001434326,6.23188018798828
Greece,GRC,Adolescents out of school (% of lower secondary school age),SE.SEC.UNER.LO.ZS,9.10531997680664,9.01123046875,9.45880031585693,..,9.06317043304443,7.51703977584839,12.2046499252319,11.8235998153687,11.948860168457,11.6073799133301,10.7510900497437,7.04416990280151,5.10887002944946,3.90735006332397,4.98253011703491,3.8519299030304,4.37569999694824,5.49004983901978,..,..,1.8950799703598,..,..,5.4348201751709,6.90986013412476,3.59567999839783,4.25025987625122,3.66572999954224,3.96968007087708,3.17632007598877,..
Greenland,GRL,Adolescents out of school (% of lower secondary school age),SE.SEC.UNER.LO.ZS,..,..,..,..,..,..,..,..,..,..,..,..,..,..,..,..,..,..,..,..,..,..,..,..,..,..,..,..,..,..,..
Grenada,GRD,Adolescents out of school (% of lower secondary school age),SE.SEC.UNER.LO.ZS,..,..,..,..,..,..,..,..,..,..,..,..,2.70619988441467,13.961350440979,1.43701994419098,3.05035996437073,..,..,..,..,..,..,..,1.91737997531891,3.19656991958618,..,..,..,..,..,..
Guam,GUM,Adolescents out of school (% of lower secondary school age),SE.SEC.UNER.LO.ZS,..,..,..,..,..,..,..,..,..,..,..,..,..,..,..,..,..,..,..,..,..,..,..,..,..,..,..,..,..,..,..
Guatemala,GTM,Adolescents out of school (% of lower secondary school age),SE.SEC.UNER.LO.ZS,..,..,..,..,..,..,..,..,..,46.6900100708008,44.6627998352051,39.1265487670898,37.6182289123535,..,..,..,..,..,28.7475109100342,25.2146892547607,18.8767890930176,22.8806400299072,27.1357097625732,27.4478206634521,27.7595195770264,28.3514003753662,30.9665203094482,33.0915603637695,32.7557106018066,..,34.6891899108887
Guinea,GIN,Adolescents out of school (% of lower secondary school age),SE.SEC.UNER.LO.ZS,81.7893218994141,..,..,..,..,..,..,..,..,69.1316604614258,..,65.9305114746094,62.0661392211914,..,59.1396598815918,55.7618217468262,54.3620491027832,..,..,..,50.5090484619141,52.8425102233887,51.5067100524902,50.6542015075684,51.2013206481934,53.5131492614746,53.8890686035156,..,..,..,..
Guinea-Bissau,GNB,Adolescents out of school (% of lower secondary school age),SE.SEC.UNER.LO.ZS,..,..,..,..,..,..,..,..,..,..,51.0541496276855,..,..,..,..,..,..,..,..,..,..,..,..,..,..,..,..,..,..,..,..
Guyana,GUY,Adolescents out of school (% of lower secondary school age),SE.SEC.UNER.LO.ZS,..,..,..,..,..,..,..,..,..,..,..,..,..,..,..,..,..,..,..,12.1057500839233,..,3.30982995033264,7.36583995819092,..,..,..,..,..,..,..,..
Haiti,HTI,Adolescents out of school (% of lower secondary school age),SE.SEC.UNER.LO.ZS,..,..,..,..,..,..,..,..,..,..,..,..,..,..,..,..,..,..,..,..,..,..,..,..,..,..,..,..,..,..,..
Heavily indebted poor countries (HIPC),HPC,Adolescents out of school (% of lower secondary school age),SE.SEC.UNER.LO.ZS,..,..,58.9438591003418,58.9537010192871,59.6349296569824,58.0772399902344,57.7373886108398,57.3429985046387,58.2056884765625,56.8527488708496,55.8491592407227,54.697639465332,51.7786712646484,49.7206993103027,48.1146202087402,46.8075904846191,44.8604888916016,43.7908592224121,42.0618286132813,41.7254981994629,40.2718391418457,40.2408790588379,39.0999488830566,40.045768737793,40.9773216247559,40.8796195983887,41.2328414916992,40.1582183837891,39.9445686340332,39.478759765625,39.3347587585449
High income,HIC,Adolescents out of school (% of lower secondary school age),SE.SEC.UNER.LO.ZS,2.41902995109558,2.67141008377075,2.97723007202148,2.418869972229,2.17624998092651,2.22993993759155,2.16371989250183,2.95740008354187,3.06461000442505,3.33663988113403,2.41562008857727,2.377690076828,2.26865005493164,2.26290988922119,2.26325988769531,1.86485004425049,1.79702997207642,2.23758006095886,2.22890996932983,1.68854999542236,1.64285004138947,1.94639003276825,1.98764002323151,1.85313999652863,2.09526991844177,1.47338998317719,1.51021003723145,1.6786299943924,1.41279995441437,1.53840005397797,1.57792997360229
Honduras,HND,Adolescents out of school (% of lower secondary school age),SE.SEC.UNER.LO.ZS,..,..,..,..,..,..,..,..,..,..,..,..,..,..,..,..,..,..,..,..,..,34.1968688964844,33.500789642334,33.890308380127,37.5360107421875,..,..,..,39.4925804138184,..,..
"Hong Kong SAR, China",HKG,Adolescents out of school (% of lower secondary school age),SE.SEC.UNER.LO.ZS,..,..,..,..,..,..,6.89234018325806,..,..,..,..,6.34899997711182,4.71158981323242,4.49160003662109,5.87715005874634,7.81476020812988,7.93187999725342,5.9033899307251,3.75639009475708,1.40597999095917,0.283140003681183,2.78571009635925,5.62982988357544,6.49700021743774,3.14291000366211,0.0817399993538857,0.676410019397736,0.579020023345947,0.0747700035572052,0.555140018463135,1.30979001522064
Hungary,HUN,Adolescents out of school (% of lower secondary school age),SE.SEC.UNER.LO.ZS,..,..,..,..,..,..,..,1.82887995243073,1.56143999099731,1.6139600276947,2.34692001342773,1.62163996696472,0.506269991397858,0.182539999485016,0.862060010433197,0.0583200007677078,0.223550006747246,2.35269999504089,3.18126010894775,3.99201989173889,4.68734979629517,4.28034019470215,3.48292994499207,3.08263993263245,2.82959008216858,3.00154995918274,3.6271800994873,3.55461001396179,3.16534996032715,2.97966003417969,..
IBRD only,IBD,Adolescents out of school (% of lower secondary school age),SE.SEC.UNER.LO.ZS,..,..,..,..,..,..,..,..,22.9994697570801,23.1675395965576,22.4410400390625,21.8745002746582,20.3847103118896,17.9321002960205,16.6428604125977,15.5559902191162,15.1127195358276,13.7389602661133,13.0439195632935,12.7052001953125,11.9192495346069,11.2918395996094,10.5913896560669,9.83512020111084,9.76574039459229,9.56686019897461,9.69382953643799,10.3001699447632,9.95882987976074,9.98805999755859,9.82553958892822
Iceland,ISL,Adolescents out of school (% of lower secondary school age),SE.SEC.UNER.LO.ZS,..,..,..,..,..,..,..,..,2.11561989784241,6.80219984054565,8.52091026306152,5.9930100440979,2.00765991210938,..,..,0.108690001070499,0.976300001144409,2.52717995643616,3.13041996955872,4.16666984558105,4.13070011138916,3.28748989105225,2.01730990409851,1.70980000495911,0.702679991722107,0.530430018901825,0.142370000481606,0.482520014047623,0.188449993729591,0.272100001573563,..
IDA & IBRD total,IBT,Adolescents out of school (% of lower secondary school age),SE.SEC.UNER.LO.ZS,..,..,..,..,..,..,..,..,28.7708206176758,28.8407402038574,28.0847702026367,27.5096607208252,26.1000995635986,24.0580596923828,23.0554790496826,22.3738307952881,21.9881591796875,21.0776500701904,20.6464500427246,20.2720909118652,19.4148101806641,19.0336894989014,18.3974990844727,18.2443199157715,18.2754306793213,17.5549297332764,17.3190593719482,17.3878803253174,16.9899101257324,17.1703395843506,17.2803707122803
IDA blend,IDB,Adolescents out of school (% of lower secondary school age),SE.SEC.UNER.LO.ZS,..,..,..,..,..,..,..,..,42.402660369873,42.6927299499512,41.9639511108398,41.7031593322754,42.134220123291,41.6485710144043,40.7783699035645,40.4888801574707,41.4595909118652,42.3807907104492,42.911449432373,41.5543212890625,39.5597381591797,39.3396492004395,38.957691192627,38.5197410583496,37.6211814880371,31.2236499786377,27.3722896575928,26.4338703155518,25.0221691131592,26.4028797149658,27.1266994476318
IDA only,IDX,Adolescents out of school (% of lower secondary school age),SE.SEC.UNER.LO.ZS,..,..,..,..,..,..,..,..,49.4482002258301,48.7520484924316,47.9468383789063,47.1266708374023,44.903678894043,42.8516693115234,41.999439239502,41.5545997619629,39.5271911621094,38.4616012573242,37.5920181274414,36.7713317871094,35.454158782959,35.219799041748,34.1455612182617,35.5086288452148,35.9287490844727,35.5155982971191,35.4852294921875,34.3445892333984,33.9334602355957,33.6946296691895,33.767578125
IDA total,IDA,Adolescents out of school (% of lower secondary school age),SE.SEC.UNER.LO.ZS,..,..,..,..,..,..,..,..,46.8949813842773,46.5175895690918,45.7293586730957,45.0875816345215,43.7390289306641,42.1909599304199,41.3618316650391,40.9815216064453,39.9462814331055,39.5342483520508,39.1190795898438,38.1246109008789,36.5986785888672,36.3745918273926,35.5240898132324,36.3333511352539,36.374698638916,34.0857315063477,32.832820892334,31.7511501312256,31.012300491333,31.2872791290283,31.5851192474365
India,IND,Adolescents out of school (% of lower secondary school age),SE.SEC.UNER.LO.ZS,..,..,..,..,..,..,..,..,..,..,..,..,..,..,..,..,..,..,..,..,..,..,..,14.8767204284668,..,..,..,..,..,..,15.1268396377563
Indonesia,IDN,Adolescents out of school (% of lower secondary school age),SE.SEC.UNER.LO.ZS,..,..,..,..,..,34.3736801147461,..,..,..,..,..,27.9088592529297,27.7785491943359,22.9116096496582,21.6679496765137,23.6414699554443,26.9662094116211,18.1721591949463,21.1230297088623,18.496509552002,17.0718193054199,15.2784795761108,14.5383701324463,13.6634302139282,13.4495801925659,..,..,..,16.3355197906494,..,..
"Iran, Islamic Rep.",IRN,Adolescents out of school (% of lower secondary school age),SE.SEC.UNER.LO.ZS,..,..,..,..,..,..,..,..,..,..,..,..,..,..,..,..,..,..,..,9.97653007507324,10.913459777832,8.64686965942383,7.89680004119873,6.52677011489868,5.88535022735596,..,5.31717014312744,4.73521995544434,..,..,1.74555003643036
Iraq,IRQ,Adolescents out of school (% of lower secondary school age),SE.SEC.UNER.LO.ZS,..,..,..,42.6547088623047,..,..,..,..,..,50.407600402832,47.1898193359375,..,..,40.7200698852539,36.5288314819336,..,..,28.0954494476318,..,..,..,..,..,..,..,..,..,..,..,..,..
Ireland,IRL,Adolescents out of school (% of lower secondary school age),SE.SEC.UNER.LO.ZS,..,5.11656999588013,2.53826999664307,..,..,0.893079996109009,4.46692991256714,6.09133005142212,3.84496998786926,1.09465003013611,1.61735999584198,2.00103998184204,2.24405002593994,2.07136011123657,1.44586002826691,1.26013004779816,1.27252995967865,1.00840997695923,1.21986997127533,1.13143002986908,0.690530002117157,1.4174599647522,0.430330008268356,..,0.192379996180534,0.302509993314743,0.370999991893768,0.492410004138947,0.53684002161026,0.63279002904892,..
Isle of Man,IMN,Adolescents out of school (% of lower secondary school age),SE.SEC.UNER.LO.ZS,..,..,..,..,..,..,..,..,..,..,..,..,..,..,..,..,..,..,..,..,..,..,..,..,..,..,..,..,..,..,..
Israel,ISR,Adolescents out of school (% of lower secondary school age),SE.SEC.UNER.LO.ZS,..,..,..,..,..,..,..,..,..,..,..,..,..,..,..,..,..,..,..,0.197889998555183,0.00167999998666346,0.0120700001716614,0.0350099988281727,..,..,..,..,..,..,0.0117899999022484,..
Italy,ITA,Adolescents out of school (% of lower secondary school age),SE.SEC.UNER.LO.ZS,..,..,..,..,..,..,..,..,..,1.32982003688812,0.33831000328064,0.109980002045631,0.368869990110397,0.14656999707222,0.228459998965263,0.414609998464584,0.547500014305115,0.548200011253357,0.439520001411438,0.468829989433289,0.398200005292892,0.374080002307892,0.203859999775887,0.100819997489452,0.208250001072884,0.416629999876022,1.02069997787476,1.65751004219055,2.05277991294861,2.44501996040344,..
Jamaica,JAM,Adolescents out of school (% of lower secondary school age),SE.SEC.UNER.LO.ZS,..,..,..,..,..,..,..,..,..,6.92683982849121,11.5677404403687,12.9539098739624,11.7411003112793,11.1066703796387,5.24298000335693,5.54857015609741,..,..,..,..,..,..,..,..,..,..,..,..,..,..,..
Japan,JPN,Adolescents out of school (% of lower secondary school age),SE.SEC.UNER.LO.ZS,..,..,..,..,..,..,..,..,..,0,..,..,..,..,..,..,..,..,..,..,..,..,..,..,..,..,..,..,..,..,..
Jordan,JOR,Adolescents out of school (% of lower secondary school age),SE.SEC.UNER.LO.ZS,..,..,..,..,..,..,..,..,..,15.7584600448608,15.1392698287964,..,11.6829204559326,11.6486101150513,11.729640007019,15.2439203262329,11.8976001739502,..,10.1348304748535,..,..,18.7412300109863,..,27.6953506469727,28.5202503204346,..,..,31.1963500976563,30.7983093261719,29.5259704589844,27.8491706848145
Kazakhstan,KAZ,Adolescents out of school (% of lower secondary school age),SE.SEC.UNER.LO.ZS,..,..,..,..,..,..,..,..,..,..,2.37655997276306,0.147290006279945,0.381989985704422,1.41522002220154,0.908490002155304,0.81752997636795,0.151240006089211,0.0574899986386299,0.110459998250008,0.293489992618561,0.261449992656708,0.209930002689362,0.04712999984622,0.291550010442734,..,..,..,..,..,..,0.0189800001680851
Kenya,KEN,Adolescents out of school (% of lower secondary school age),SE.SEC.UNER.LO.ZS,..,..,..,..,..,..,..,..,..,..,13.830249786377,..,16.0311298370361,4.73445987701416,3.29935002326965,1.980299949646,4.49906015396118,2.22586011886597,0.704330027103424,1.83258998394012,..,..,..,..,..,..,..,..,..,..,..
Kiribati,KIR,Adolescents out of school (% of lower secondary school age),SE.SEC.UNER.LO.ZS,..,..,..,..,..,..,..,..,..,..,..,..,..,..,..,..,..,..,..,..,..,..,..,..,..,..,..,..,..,..,..
"Korea, Dem. People's Rep.",PRK,Adolescents out of school (% of lower secondary school age),SE.SEC.UNER.LO.ZS,..,..,..,..,..,..,..,..,..,..,..,..,..,..,..,..,..,..,..,..,..,..,..,..,..,..,..,..,..,..,..
"Korea, Rep.",KOR,Adolescents out of school (% of lower secondary school age),SE.SEC.UNER.LO.ZS,..,6.31286001205444,8.50125980377197,..,..,..,0.0740099996328354,6.71873998641968,7.44490003585815,6.13925981521606,1.89070999622345,2.03878998756409,1.31484997272491,2.59330010414124,3.04930996894836,2.95659995079041,2.35126996040344,2.01218008995056,3.03417992591858,0.591769993305206,0.226549997925758,0.0880300030112267,0.0266399998217821,0.292349994182587,..,0.236389994621277,3.75374007225037,5.63159990310669,2.74639010429382,4.86950016021729,..
Kosovo,XKX,Adolescents out of school (% of lower secondary school age),SE.SEC.UNER.LO.ZS,..,..,..,..,..,..,..,..,..,..,..,..,..,..,..,..,..,..,..,..,..,..,..,..,..,..,..,..,..,..,..
Kuwait,KWT,Adolescents out of school (% of lower secondary school age),SE.SEC.UNER.LO.ZS,..,..,45.5789794921875,..,23.1949501037598,..,..,..,..,8.88967037200928,6.20455980300903,4.42743015289307,..,3.34679007530212,3.58934998512268,..,..,3.77537989616394,..,..,2.78764009475708,5.94575977325439,7.06945991516113,8.70761013031006,8.00273036956787,6.27645015716553,..,..,..,..,..
Kyrgyz Republic,KGZ,Adolescents out of school (% of lower secondary school age),SE.SEC.UNER.LO.ZS,..,..,..,..,..,..,..,..,..,..,..,..,..,..,11.3437099456787,10.2350597381592,8.44190979003906,8.05624008178711,7.39705991744995,..,..,8.66092967987061,9.23610973358154,9.07660961151123,8.51097011566162,7.98012018203735,6.02744007110596,4.35760021209717,3.00694990158081,2.11623001098633,0.508449971675873
Lao PDR,LAO,Adolescents out of school (% of lower secondary school age),SE.SEC.UNER.LO.ZS,..,..,37.5000801086426,33.4760513305664,30.2118701934814,..,..,24.8115692138672,24.4060192108154,26.9683609008789,28.8718490600586,29.962610244751,27.5833301544189,27.1306304931641,25.9890193939209,26.2725696563721,26.6941108703613,27.4851703643799,25.5153694152832,23.935920715332,28.6372890472412,28.0920505523682,25.2917194366455,23.1422290802002,19.4339294433594,18.612829208374,22.9947395324707,22.2437000274658,25.018310546875,27.588529586792,30.4933795928955
Late-demographic dividend,LTE,Adolescents out of school (% of lower secondary school age),SE.SEC.UNER.LO.ZS,..,..,..,..,..,..,..,..,14.4065704345703,14.9436597824097,14.8874998092651,14.7526197433472,12.9015598297119,10.9229698181152,9.82322025299072,8.37887001037598,8.33804035186768,7.80602979660034,7.03000020980835,6.64452981948853,6.60385990142822,6.55233001708984,6.66796016693115,6.38684988021851,6.08147001266479,5.83245992660522,5.5771598815918,5.62029981613159,5.16458988189697,5.09578990936279,5.3170599937439
Latin America & Caribbean,LCN,Adolescents out of school (% of lower secondary school age),SE.SEC.UNER.LO.ZS,11.7832298278809,11.6703996658325,11.4842596054077,11.3369998931885,11.5262098312378,11.0049495697021,10.7602500915527,10.7951202392578,10.5401401519775,10.3049898147583,9.95792007446289,9.62946033477783,8.77877998352051,8.04848003387451,8.64494037628174,7.86691999435425,7.19553995132446,7.11381006240845,5.49799013137817,5.2037501335144,5.58511018753052,6.0948600769043,7.05930995941162,5.63815021514893,6.08221006393433,6.08709001541138,6.00282001495361,7.25602006912231,6.92476987838745,6.56842994689941,6.78157997131348
Latin America & Caribbean (excluding high income),LAC,Adolescents out of school (% of lower secondary school age),SE.SEC.UNER.LO.ZS,11.2784700393677,11.1514902114868,10.9511404037476,10.7953796386719,10.9872798919678,10.4253301620483,10.1639604568481,10.1979303359985,9.929030418396,9.69180011749268,9.40143013000488,9.19939994812012,8.37633991241455,7.65122985839844,8.46877956390381,7.69498014450073,7.12512016296387,7.20221996307373,5.37831020355225,5.12262010574341,5.47715997695923,5.93151998519897,7.04911994934082,5.65789985656738,6.09693002700806,6.03921985626221,5.86569023132324,6.97559022903442,6.61316013336182,6.25350999832153,6.48667001724243
Latin America & Caribbean (IDA & IBRD),TLA,Adolescents out of school (% of lower secondary school age),SE.SEC.UNER.LO.ZS,11.8120203018188,11.6981401443481,11.479040145874,11.4423303604126,11.437310218811,11.1015796661377,10.8518896102905,10.9027299880981,10.6537303924561,10.4298496246338,10.0683498382568,9.69268989562988,8.87751007080078,8.18000030517578,8.77698040008545,7.98143005371094,7.29330015182495,7.18702983856201,5.51690006256104,5.17918014526367,5.58353996276855,6.07746982574463,7.08124017715454,5.62819004058838,6.10867977142334,6.11448001861572,6.03820991516113,7.30025005340576,6.93157005310059,6.5168399810791,6.70949983596802
Latvia,LVA,Adolescents out of school (% of lower secondary school age),SE.SEC.UNER.LO.ZS,..,..,..,..,..,..,..,..,..,..,..,..,..,..,..,..,..,..,0.00438999990001321,0.244609996676445,0.786390006542206,0.588169991970062,1.23418998718262,1.60473001003265,1.54703998565674,1.85964000225067,1.72745001316071,1.29531002044678,0.978330016136169,1.74196004867554,..
Least developed countries: UN classification,LDC,Adolescents out of school (% of lower secondary school age),SE.SEC.UNER.LO.ZS,..,..,..,..,..,..,..,..,51.1333389282227,50.2556190490723,49.4849891662598,48.5567398071289,46.2858581542969,44.668571472168,43.9035797119141,43.6602096557617,41.4629898071289,40.2613983154297,39.2585105895996,38.3103103637695,36.811580657959,36.358211517334,35.326961517334,35.671329498291,36.0885581970215,35.8211708068848,35.7722511291504,34.6029586791992,34.0109596252441,33.9324798583984,34.1334495544434
Lebanon,LBN,Adolescents out of school (% of lower secondary school age),SE.SEC.UNER.LO.ZS,..,..,..,..,..,..,..,..,..,..,..,..,..,..,..,..,..,..,..,..,..,..,..,..,..,..,..,..,..,..,..
Lesotho,LSO,Adolescents out of school (% of lower secondary school age),SE.SEC.UNER.LO.ZS,..,26.6247291564941,26.4438095092773,28.9216194152832,27.5827102661133,..,26.7840805053711,..,29.065860748291,25.9052295684814,27.9249706268311,23.6328296661377,21.3050594329834,16.1739902496338,14.4366102218628,10.4924697875977,10.0604801177979,13.0917797088623,11.7322597503662,10.2479600906372,8.18834972381592,7.15606021881104,8.22768020629883,8.71817016601563,11.9030103683472,15.0757102966309,17.3726005554199,..,14.5291795730591,..,..
Liberia,LBR,Adolescents out of school (% of lower secondary school age),SE.SEC.UNER.LO.ZS,..,..,..,..,..,..,..,..,..,..,..,..,..,..,..,..,..,..,..,..,..,..,..,..,21.2873401641846,..,..,..,..,..,..
Libya,LBY,Adolescents out of school (% of lower secondary school age),SE.SEC.UNER.LO.ZS,..,..,..,..,..,..,..,..,..,..,..,..,..,..,..,..,..,..,..,..,..,..,..,..,..,..,..,..,..,..,..
Liechtenstein,LIE,Adolescents out of school (% of lower secondary school age),SE.SEC.UNER.LO.ZS,..,..,..,..,..,..,..,..,..,..,..,..,..,6.40950012207031,4.64576005935669,..,..,..,5.34124994277954,4.83490991592407,5.81733989715576,5.27859020233154,5.53216981887817,..,3.36982011795044,4.32601976394653,4.66926002502441,3.00153994560242,3.97653007507324,2.60458993911743,..
Lithuania,LTU,Adolescents out of school (% of lower secondary school age),SE.SEC.UNER.LO.ZS,..,..,..,..,..,..,..,..,0.176640003919601,0.509909987449646,0.204429998993874,0.1285600066185,0.491959989070892,0.369260013103485,0.091559998691082,0.168290004134178,0.0291000008583069,0.154609993100166,0.189239993691444,0.554059982299805,0.807690024375916,0.239580005407333,0.148259997367859,0.0124099999666214,0.132290005683899,0.088749997317791,0.0564699992537498,0.00589000014588237,0.152879998087883,0.146819993853569,..
Low & middle income,LMY,Adolescents out of school (% of lower secondary school age),SE.SEC.UNER.LO.ZS,..,..,..,..,..,..,..,..,28.8876304626465,28.9529705047607,28.1883296966553,27.6113891601563,26.2283496856689,24.1663608551025,23.1719093322754,22.4908199310303,22.1067199707031,21.193790435791,20.7458801269531,20.3716602325439,19.5040397644043,19.1156101226807,18.4804496765137,18.3362293243408,18.3546390533447,17.6187992095947,17.3708000183105,17.4125194549561,17.0166893005371,17.2026691436768,17.3173904418945
Low income,LIC,Adolescents out of school (% of lower secondary school age),SE.SEC.UNER.LO.ZS,..,..,56.8288993835449,56.7214813232422,57.5407409667969,55.4617881774902,54.9849700927734,54.6525497436523,56.150318145752,54.55126953125,53.7570991516113,52.3394393920898,49.0671691894531,45.474048614502,43.8985214233398,42.8887405395508,41.1031913757324,39.8686485290527,38.1934700012207,38.0406684875488,36.6111602783203,36.6695709228516,35.5020408630371,38.1408882141113,39.1518287658691,39.1280288696289,39.2694511413574,37.9374694824219,37.5463600158691,37.3220710754395,37.3007888793945
Lower middle income,LMC,Adolescents out of school (% of lower secondary school age),SE.SEC.UNER.LO.ZS,..,..,..,..,..,..,..,..,..,35.4471397399902,34.6145210266113,34.0963287353516,33.2529411315918,30.9442501068115,29.7493305206299,28.9949893951416,28.1715908050537,26.5996704101563,26.2045803070068,25.4808902740479,23.8144397735596,22.7703800201416,21.4497890472412,20.6948890686035,20.3815097808838,18.8053894042969,18.0963592529297,18.2329006195068,17.6557292938232,18.0227108001709,17.8799896240234
Luxembourg,LUX,Adolescents out of school (% of lower secondary school age),SE.SEC.UNER.LO.ZS,..,..,..,..,..,..,..,..,..,6.58193016052246,5.34392023086548,13.517970085144,14.1975698471069,13.5516700744629,13.9072799682617,4.57923984527588,4.49885988235474,4.03773021697998,3.13226008415222,..,1.77424001693726,2.55371999740601,3.32136011123657,4.99869012832642,4.34624004364014,4.95872020721436,5.10477018356323,5.75457000732422,4.30638980865479,2.44894003868103,..
"Macao SAR, China",MAC,Adolescents out of school (% of lower secondary school age),SE.SEC.UNER.LO.ZS,11.361029624939,..,1.12994003295898,..,..,..,..,..,..,8.75249004364014,4.63556003570557,6.07051992416382,10.1934003829956,14.3629198074341,17.3686199188232,18.6201992034912,18.3072204589844,16.9050407409668,15.8319597244263,15.3233604431152,14.8703899383545,15.106240272522,16.3448600769043,15.8579502105713,14.8609104156494,12.6042900085449,7.7968897819519,3.94927000999451,2.48483991622925,2.22724008560181,1.22081995010376
Madagascar,MDG,Adolescents out of school (% of lower secondary school age),SE.SEC.UNER.LO.ZS,..,..,..,..,..,..,..,..,..,..,..,43.7048606872559,..,37.3047294616699,..,..,..,..,..,..,..,..,..,..,..,..,24.1881694793701,23.7523403167725,25.1393909454346,30.0320796966553,..
Malawi,MWI,Adolescents out of school (% of lower secondary school age),SE.SEC.UNER.LO.ZS,..,..,..,..,..,..,..,..,..,7.74591016769409,..,..,14.1307497024536,..,21.0836391448975,31.2767696380615,28.2885303497314,21.2735004425049,17.4194793701172,20.0821399688721,20.2970409393311,18.4714393615723,18.6311092376709,18.1819190979004,19.279670715332,19.4297008514404,20.6719303131104,..,17.3262691497803,18.5649700164795,..
Malaysia,MYS,Adolescents out of school (% of lower secondary school age),SE.SEC.UNER.LO.ZS,..,..,..,..,..,..,..,..,3.12980008125305,6.0086498260498,7.00119018554688,9.15003967285156,11.004340171814,3.74004006385803,3.25652003288269,6.88434982299805,5.61215019226074,8.9652795791626,9.74995994567871,10.3412599563599,11.1131200790405,11.5673799514771,11.555549621582,10.1288003921509,10.6218795776367,12.4672403335571,13.8208198547363,13.1472797393799,13.6283502578735,12.0782203674316,11.2404203414917
Maldives,MDV,Adolescents out of school (% of lower secondary school age),SE.SEC.UNER.LO.ZS,..,..,..,..,..,..,..,..,..,11.0617599487305,6.68042993545532,6.91579008102417,10.08314037323,..,..,..,..,..,..,..,0.304809987545013,2.53987002372742,3.2341001033783,11.1098604202271,5.78873014450073,10.6322202682495,15.0254802703857,4.45024013519287,6.65151977539063,8.62392044067383,..
Mali,MLI,Adolescents out of school (% of lower secondary school age),SE.SEC.UNER.LO.ZS,..,..,..,..,..,..,..,..,..,..,..,..,..,..,..,..,..,..,..,52.9880104064941,51.6753387451172,48.9253196716309,..,49.2694511413574,46.085319519043,45.156681060791,44.9941101074219,54.9564208984375,52.7726593017578,..,..
Malta,MLT,Adolescents out of school (% of lower secondary school age),SE.SEC.UNER.LO.ZS,0.633910000324249,0.442149996757507,..,..,..,..,..,..,..,..,..,..,..,..,..,..,..,..,..,..,..,..,0.985319972038269,2.08860993385315,1.5784900188446,0.258269995450974,0.298189997673035,0.624989986419678,0.853649973869324,1.53085005283356,..
Marshall Islands,MHL,Adolescents out of school (% of lower secondary school age),SE.SEC.UNER.LO.ZS,..,..,..,..,..,..,..,..,..,..,..,..,7.30550003051758,..,..,..,..,..,..,..,..,..,..,..,..,30.8579406738281,30.9580192565918,..,..,26.2528305053711,27.9145107269287
Mauritania,MRT,Adolescents out of school (% of lower secondary school age),SE.SEC.UNER.LO.ZS,..,..,..,..,..,..,..,..,..,..,..,55.4830093383789,54.3226509094238,..,53.6884994506836,51.5996704101563,53.8777008056641,..,..,..,..,..,28.2337703704834,40.7323913574219,39.7439193725586,..,47.0245704650879,44.4082717895508,37.5118408203125,28.1604309082031,..
Mauritius,MUS,Adolescents out of school (% of lower secondary school age),SE.SEC.UNER.LO.ZS,..,..,..,..,..,..,..,..,20.1394290924072,16.3808097839355,12.069769859314,9.27595996856689,12.4954996109009,..,7.08502006530762,..,..,..,..,..,..,6.64403009414673,0.351610004901886,1.30154001712799,2.52303004264832,7.0746898651123,6.43382978439331,4.05397987365723,4.57132005691528,4.72390985488892,3.43961000442505
Mexico,MEX,Adolescents out of school (% of lower secondary school age),SE.SEC.UNER.LO.ZS,22.216890335083,21.8345909118652,..,..,20.9355792999268,18.6381301879883,17.2975807189941,..,..,15.9786996841431,16.3219699859619,..,11.7625503540039,8.17626953125,6.80916976928711,7.02642011642456,5.65784978866577,5.2271900177002,5.39191007614136,5.84603977203369,7.15204000473022,7.2010498046875,6.90473985671997,4.32491016387939,3.24374008178711,2.42848992347717,3.3882999420166,5.93955993652344,7.78914022445679,7.64868021011353,..
"Micronesia, Fed. Sts.",FSM,Adolescents out of school (% of lower secondary school age),SE.SEC.UNER.LO.ZS,..,..,..,..,..,..,..,..,..,..,..,..,..,..,..,..,..,..,..,..,..,..,..,..,12.7594003677368,..,..,..,..,..,..
Middle East & North Africa,MEA,Adolescents out of school (% of lower secondary school age),SE.SEC.UNER.LO.ZS,..,..,..,24.2174205780029,25.2583408355713,24.6587009429932,23.4684600830078,22.7529697418213,22.1692008972168,21.3229007720947,20.5813407897949,19.8273105621338,18.8589191436768,18.1944904327393,17.2967891693115,16.7351894378662,16.5530490875244,16.3577899932861,15.7584800720215,14.5860795974731,14.5245304107666,13.9716300964355,12.8241901397705,15.4517202377319,14.0188598632813,13.1351099014282,12.0392904281616,12.0415697097778,11.2113399505615,10.5153102874756,10.2648601531982
Middle East & North Africa (excluding high income),MNA,Adolescents out of school (% of lower secondary school age),SE.SEC.UNER.LO.ZS,..,..,..,25.2541408538818,26.3192806243896,25.76708984375,24.4636096954346,23.6798992156982,23.0425891876221,22.1196403503418,21.3385391235352,20.5415802001953,19.4825401306152,18.7552509307861,17.7728004455566,17.1626300811768,17.0826396942139,17.0396003723145,16.5465507507324,15.4990196228027,15.6852798461914,15.2816696166992,14.0035104751587,17.0789909362793,15.6344604492188,14.7242603302002,13.1863803863525,12.8982496261597,12.45285987854,11.7124395370483,11.3832397460938
Middle East & North Africa (IDA & IBRD),TMN,Adolescents out of school (% of lower secondary school age),SE.SEC.UNER.LO.ZS,..,..,..,25.2882099151611,26.3741893768311,25.8115501403809,24.5143699645996,23.7515907287598,23.1237697601318,22.2052001953125,21.4355506896973,20.6494293212891,19.6109294891357,18.9378204345703,18.0032005310059,17.4335994720459,17.3346099853516,17.2809791564941,16.738639831543,15.6301097869873,15.759690284729,15.2922401428223,14.0011596679688,17.2103900909424,15.776969909668,14.9179096221924,13.3715295791626,13.1364297866821,12.7151403427124,11.9572696685791,11.6068296432495
Middle income,MIC,Adolescents out of school (% of lower secondary school age),SE.SEC.UNER.LO.ZS,..,..,..,..,..,..,..,..,26.4419403076172,26.6049995422363,25.8360900878906,25.3148498535156,24.0662593841553,22.0217704772949,20.9972896575928,20.2470302581787,19.9152908325195,18.9446105957031,18.5603904724121,18.078519821167,17.2080192565918,16.683910369873,16.0568008422852,15.4433097839355,15.3024101257324,14.3878402709961,14.0237798690796,14.2532901763916,13.7951402664185,13.990909576416,13.9928903579712
Moldova,MDA,Adolescents out of school (% of lower secondary school age),SE.SEC.UNER.LO.ZS,..,..,..,..,..,..,..,..,..,..,..,..,..,..,..,..,..,..,..,..,..,..,..,..,0.124420002102852,0.00786999985575676,0.292169988155365,..,..,1.15254998207092,0.811749994754791
Monaco,MCO,Adolescents out of school (% of lower secondary school age),SE.SEC.UNER.LO.ZS,..,..,..,..,..,..,..,..,..,..,..,..,..,..,..,..,..,..,..,..,..,..,..,..,..,..,..,..,..,..,..
Mongolia,MNG,Adolescents out of school (% of lower secondary school age),SE.SEC.UNER.LO.ZS,..,..,..,..,..,31.2754497528076,28.8791694641113,31.2074298858643,28.6318302154541,24.2109603881836,21.9059295654297,19.4211902618408,16.5781497955322,8.97636032104492,7.20674991607666,4.88385009765625,7.67291021347046,10.1645603179932,10.9366102218628,..,..,..,..,..,..,..,..,..,..,7.54602003097534,..
Montenegro,MNE,Adolescents out of school (% of lower secondary school age),SE.SEC.UNER.LO.ZS,..,..,..,..,..,..,..,..,..,..,..,..,..,..,..,..,..,..,..,..,..,..,..,..,..,2.72930002212524,2.04555010795593,4.39209985733032,6.67368984222412,7.73363018035889,6.08159017562866
Morocco,MAR,Adolescents out of school (% of lower secondary school age),SE.SEC.UNER.LO.ZS,..,..,..,..,..,..,..,..,..,46.0258102416992,43.0176315307617,..,..,33.4934310913086,..,30.053560256958,30.5939693450928,29.246280670166,27.985179901123,..,23.31130027771,19.3574905395508,14.4282598495483,..,..,..,..,11.0518703460693,10.7248296737671,9.39445018768311,7.1601300239563
Mozambique,MOZ,Adolescents out of school (% of lower secondary school age),SE.SEC.UNER.LO.ZS,..,..,57.9980888366699,58.8998107910156,58.9222412109375,55.4306106567383,..,..,62.4594306945801,58.7015419006348,55.3966217041016,52.2741088867188,39.1729888916016,..,47.8290100097656,42.7490997314453,42.0133018493652,37.982479095459,35.824520111084,35.1095199584961,34.9597282409668,37.4176483154297,39.4142913818359,38.8753395080566,41.421630859375,43.1091194152832,..,..,..,..,37.9824905395508
Myanmar,MMR,Adolescents out of school (% of lower secondary school age),SE.SEC.UNER.LO.ZS,..,..,..,..,..,..,..,..,..,..,56.4145088195801,54.2595405578613,53.0808906555176,52.6085014343262,45.5303611755371,44.4923515319824,41.8813781738281,41.5576400756836,39.9834289550781,40.6515693664551,39.9978408813477,..,..,..,..,..,..,23.7081508636475,20.9656791687012,..,..
Namibia,NAM,Adolescents out of school (% of lower secondary school age),SE.SEC.UNER.LO.ZS,..,..,..,..,..,16.5953197479248,..,..,14.467869758606,15.9671497344971,16.7489395141602,17.7412490844727,9.13955020904541,16.6122207641602,11.558819770813,9.30362033843994,7.13775014877319,4.89650011062622,..,..,..,..,8.86236953735352,..,..,3.72987008094788,2.62686991691589,2.20289993286133,1.58556997776031,1.29893004894257,..
Nauru,NRU,Adolescents out of school (% of lower secondary school age),SE.SEC.UNER.LO.ZS,..,..,..,..,..,..,..,..,..,..,..,..,..,..,..,..,..,..,..,..,..,..,2.93763995170593,..,8.37438011169434,..,11.4570398330688,..,..,7.92540979385376,..
Nepal,NPL,Adolescents out of school (% of lower secondary school age),SE.SEC.UNER.LO.ZS,..,..,..,..,..,..,..,..,..,..,..,..,..,..,..,..,..,..,..,..,..,..,..,..,..,..,7.45153999328613,5.33436012268066,..,..,..
Netherlands,NLD,Adolescents out of school (% of lower secondary school age),SE.SEC.UNER.LO.ZS,9.38834953308105,6.65465021133423,12.7309999465942,11.1752300262451,..,0.0747800022363663,0.850669980049133,2.37193989753723,..,0.761280000209808,..,..,1.19788002967834,0.114440001547337,0.0806400030851364,0.425460010766983,0.242229998111725,1.4263299703598,2.41443991661072,2.66992998123169,2.15737009048462,0.824710011482239,0.457249999046326,..,..,0.602670013904572,0.788290023803711,1.85764002799988,2.54784989356995,2.77793002128601,..
New Caledonia,NCL,Adolescents out of school (% of lower secondary school age),SE.SEC.UNER.LO.ZS,..,..,..,..,..,..,..,..,..,..,..,..,..,..,..,..,..,..,..,..,..,..,..,..,..,..,..,..,..,..,..
New Zealand,NZL,Adolescents out of school (% of lower secondary school age),SE.SEC.UNER.LO.ZS,0.72775000333786,1.05050003528595,1.67297005653381,..,..,..,..,..,..,..,..,..,..,..,..,..,..,..,..,..,..,..,..,2.46076011657715,2.38339996337891,2.30493998527527,2.292720079422,1.95666003227234,1.16875004768372,0.100060001015663,..
Nicaragua,NIC,Adolescents out of school (% of lower secondary school age),SE.SEC.UNER.LO.ZS,..,..,..,..,..,..,..,..,..,..,33.6706581115723,36.6762084960938,31.5590591430664,..,25.6461696624756,23.0155792236328,9.66895008087158,..,..,..,12.302680015564,..,..,..,..,..,..,..,..,..,..
Niger,NER,Adolescents out of school (% of lower secondary school age),SE.SEC.UNER.LO.ZS,88.8194274902344,88.1843719482422,..,..,..,..,..,88.1246795654297,..,87.9691772460938,..,88.0908508300781,87.7005996704102,87.7328109741211,86.4362716674805,82.3474731445313,..,78.3603973388672,79.4738311767578,80.0198516845703,78.9509582519531,79.1633987426758,..,..,70.9809265136719,69.0297393798828,65.8959503173828,64.94287109375,..,..,..
Nigeria,NGA,Adolescents out of school (% of lower secondary school age),SE.SEC.UNER.LO.ZS,..,..,..,..,..,..,..,..,..,..,..,..,..,..,..,..,..,..,..,..,..,..,..,..,..,..,..,..,..,..,..
North America,NAC,Adolescents out of school (% of lower secondary school age),SE.SEC.UNER.LO.ZS,0.313800007104874,0.273570001125336,0.233390003442764,0.197150006890297,0.045949999243021,0.604340016841888,0.175009995698929,1.34596002101898,2.59335994720459,3.58748006820679,1.52274000644684,1.51914000511169,1.51573002338409,1.64779996871948,1.77303004264832,1.29759001731873,0.582329988479614,0.837289988994598,1.08929002285004,0.25382998585701,0.550589978694916,0.835739970207214,1.00838994979858,1.28988003730774,2.07091999053955,0.783699989318848,0.281560003757477,0.189349994063377,0.287649989128113,0.423940002918243,0.46000999212265
North Macedonia,MKD,Adolescents out of school (% of lower secondary school age),SE.SEC.UNER.LO.ZS,..,..,..,..,..,..,..,..,..,..,..,..,..,..,..,7.15832996368408,..,..,..,..,..,..,..,..,..,..,..,..,..,..,..
Northern Mariana Islands,MNP,Adolescents out of school (% of lower secondary school age),SE.SEC.UNER.LO.ZS,..,..,..,..,..,..,..,..,..,..,..,..,..,..,..,..,..,..,..,..,..,..,..,..,..,..,..,..,..,..,..
Norway,NOR,Adolescents out of school (% of lower secondary school age),SE.SEC.UNER.LO.ZS,..,..,..,..,..,..,..,..,0.668969988822937,2.06206011772156,2.28923010826111,2.24063992500305,1.05893003940582,0.466520011425018,0.478740006685257,0.386359989643097,0.207120001316071,0.168779999017715,1.37557995319366,1.77324998378754,0.635200023651123,0.254000008106232,0.981230020523071,1.11698997020721,0.661450028419495,0.329039990901947,0.474849998950958,0.801060020923615,0.515209972858429,0.420040011405945,..
OECD members,OED,Adolescents out of school (% of lower secondary school age),SE.SEC.UNER.LO.ZS,7.20632982254028,7.28923988342285,7.30094003677368,6.84372997283936,6.67966985702515,6.50746011734009,6.40136003494263,7.04038000106812,6.66515016555786,6.40893983840942,5.13613986968994,4.7750301361084,4.18310022354126,3.68512010574341,3.41827988624573,2.96103000640869,2.42055010795593,2.66746997833252,2.65820002555847,2.2038300037384,2.35700011253357,2.4678099155426,2.55591988563538,2.34090995788574,2.78920006752014,2.62576007843018,2.88845992088318,3.09749007225037,2.88878011703491,2.55012989044189,2.54719996452332
Oman,OMN,Adolescents out of school (% of lower secondary school age),SE.SEC.UNER.LO.ZS,..,..,..,32.4577598571777,..,..,..,..,..,17.8100204467773,15.2430896759033,14.0289697647095,14.826979637146,15.2589702606201,..,..,..,..,..,4.64678001403809,..,7.74354982376099,8.41125011444092,0.608449995517731,..,1.56245994567871,0.619159996509552,1.85476005077362,2.65376996994019,2.01521992683411,2.65875005722046
Other small states,OSS,Adolescents out of school (% of lower secondary school age),SE.SEC.UNER.LO.ZS,25.5807495117188,24.8398895263672,25.1424102783203,25.3737506866455,25.8316097259521,24.7860298156738,24.7129306793213,24.6691207885742,24.3607501983643,23.3550300598145,23.8084201812744,23.0945301055908,21.871639251709,21.6180305480957,20.5146102905273,19.7920398712158,19.5732002258301,19.0598697662354,18.3575706481934,18.3022308349609,18.1947402954102,17.6265506744385,17.3703193664551,17.1492500305176,17.0217990875244,17.4460792541504,17.6247901916504,17.3895702362061,16.7042598724365,16.1555690765381,..
Pakistan,PAK,Adolescents out of school (% of lower secondary school age),SE.SEC.UNER.LO.ZS,..,..,..,..,..,..,..,..,..,..,..,..,..,..,..,..,..,..,..,..,..,..,..,..,..,..,..,..,..,..,..
Palau,PLW,Adolescents out of school (% of lower secondary school age),SE.SEC.UNER.LO.ZS,..,..,..,..,..,..,..,..,..,..,..,..,..,..,..,..,..,..,..,..,..,..,..,..,..,..,..,..,..,..,15.9329099655151
Panama,PAN,Adolescents out of school (% of lower secondary school age),SE.SEC.UNER.LO.ZS,..,..,..,..,..,..,..,..,..,22.4352607727051,20.6226005554199,17.8107604980469,15.6898002624512,..,16.8124198913574,18.581169128418,18.6426792144775,..,13.9896402359009,12.5674600601196,10.5005397796631,12.4677801132202,..,8.39169979095459,11.2826700210571,9.60884952545166,..,12.1788597106934,..,..,..
Papua New Guinea,PNG,Adolescents out of school (% of lower secondary school age),SE.SEC.UNER.LO.ZS,..,..,..,..,..,..,..,..,..,..,..,..,..,..,..,..,..,..,..,..,..,..,..,..,..,..,..,..,27.5212898254395,..,..
Paraguay,PRY,Adolescents out of school (% of lower secondary school age),SE.SEC.UNER.LO.ZS,..,..,..,..,24.3987293243408,..,21.1296405792236,..,..,18.7680397033691,..,15.5959901809692,15.3926696777344,14.2405195236206,12.5793199539185,12.3623600006104,13.4508695602417,13.7992095947266,13.4439401626587,13.3284101486206,13.0241003036499,14.5840997695923,9.96621036529541,..,..,..,..,..,..,..,..
Peru,PER,Adolescents out of school (% of lower secondary school age),SE.SEC.UNER.LO.ZS,..,..,..,..,..,13.0739898681641,12.5933399200439,13.3897399902344,11.2125101089478,9.49405956268311,7.62918996810913,6.86709976196289,7.93822002410889,..,9.50648021697998,7.06574010848999,4.33895015716553,1.56763994693756,1.70547997951508,1.33090996742249,1.42338001728058,3.28579998016357,..,..,..,..,3.39612007141113,0.675660014152527,1.768669962883,..,..
Philippines,PHL,Adolescents out of school (% of lower secondary school age),SE.SEC.UNER.LO.ZS,..,..,19.7444095611572,18.4391193389893,17.9101390838623,..,16.9237308502197,..,28.7556991577148,24.1704292297363,..,13.2491397857666,10.2402496337891,8.58866024017334,7.15630006790161,7.71330976486206,8.25442981719971,7.8530797958374,7.05733013153076,6.17881011962891,..,..,..,..,6.0657000541687,6.65253019332886,8.02256965637207,..,10.5770797729492,10.5284795761108,9.38119983673096
Poland,POL,Adolescents out of school (% of lower secondary school age),SE.SEC.UNER.LO.ZS,..,..,..,..,..,..,..,..,..,1.3191100358963,1.89125001430511,4.13733005523682,4.13632011413574,3.75989007949829,2.87375998497009,2.64795994758606,3.61967992782593,5.28247022628784,7.12644004821777,8.10091972351074,7.82712984085083,7.65598011016846,6.72795009613037,6.1553201675415,5.2103099822998,4.15474987030029,3.31196999549866,3.21270990371704,2.07827997207642,3.28863000869751,..
Portugal,PRT,Adolescents out of school (% of lower secondary school age),SE.SEC.UNER.LO.ZS,..,..,..,7.9413800239563,2.09659004211426,1.67304003238678,..,..,..,0.0858799964189529,0.268200010061264,0.272460013628006,0.367700010538101,0.0313300006091595,..,..,..,..,..,..,..,..,..,0.917819976806641,0.953350007534027,0.857900023460388,0.466479986906052,0.341670006513596,0.113399997353554,0.138119995594025,..
Post-demographic dividend,PST,Adolescents out of school (% of lower secondary school age),SE.SEC.UNER.LO.ZS,2.40750002861023,2.68372988700867,2.86671996116638,2.35644006729126,2.18765997886658,2.08284997940063,1.92941999435425,2.69479990005493,2.72550988197327,2.99138998985291,2.1130199432373,1.83563995361328,1.53948998451233,1.48907995223999,1.55958998203278,1.2605299949646,1.17138004302979,1.68974995613098,1.73468005657196,1.31026005744934,1.43784999847412,1.82500994205475,1.91811001300812,1.78280997276306,2.05192995071411,1.4918600320816,1.43870997428894,1.49888002872467,1.5035799741745,1.70256996154785,1.73011004924774
Pre-demographic dividend,PRE,Adolescents out of school (% of lower secondary school age),SE.SEC.UNER.LO.ZS,..,..,51.9671401977539,51.5819091796875,52.4517517089844,51.3481483459473,51.3462409973145,51.3099098205566,51.4151802062988,50.412109375,49.2331008911133,48.9395790100098,47.1028900146484,45.2711601257324,44.2152481079102,43.7894401550293,43.0936584472656,43.5051193237305,42.1331787109375,40.5752487182617,38.735538482666,38.1107292175293,37.744068145752,37.4465789794922,38.1604194641113,38.2970314025879,37.1004486083984,35.9820289611816,35.0138092041016,36.1037712097168,36.4202995300293
Puerto Rico,PRI,Adolescents out of school (% of lower secondary school age),SE.SEC.UNER.LO.ZS,..,..,..,..,..,..,..,..,..,..,..,..,..,..,..,..,..,..,..,..,12.6416501998901,11.8036804199219,11.5070400238037,9.52204036712646,12.1724195480347,12.0772895812988,20.7199306488037,..,..,..,..
Qatar,QAT,Adolescents out of school (% of lower secondary school age),SE.SEC.UNER.LO.ZS,10.7321796417236,12.4088001251221,12.5755100250244,7.7842001914978,9.58409023284912,..,..,..,15.1504697799683,9.09609031677246,..,7.447509765625,2.99266004562378,..,..,3.42930006980896,10.1662302017212,3.42935991287231,..,..,..,1.66507005691528,11.2087697982788,10.6068096160889,6.67484998703003,5.95047998428345,7.23725986480713,9.92232036590576,6.55057001113892,5.14629983901978,6.97839021682739
Romania,ROU,Adolescents out of school (% of lower secondary school age),SE.SEC.UNER.LO.ZS,..,..,..,..,..,..,..,..,8.38963985443115,5.92174005508423,6.24232006072998,8.15985012054443,6.91036987304688,8.46243000030518,7.81966018676758,7.56140995025635,5.79139995574951,3.94152998924255,4.41932010650635,5.60858011245728,5.78878021240234,5.55345010757446,4.96586990356445,..,4.65358018875122,5.45886993408203,6.73633003234863,7.4140100479126,8.94108963012695,11.1849002838135,..
Russian Federation,RUS,Adolescents out of school (% of lower secondary school age),SE.SEC.UNER.LO.ZS,..,..,..,..,..,..,..,..,..,..,..,..,..,..,..,..,..,..,..,..,..,..,..,2.88640999794006,1.88251996040344,0.481409996747971,0.641160011291504,0.162809997797012,0.216169998049736,0.238289996981621,..
Rwanda,RWA,Adolescents out of school (% of lower secondary school age),SE.SEC.UNER.LO.ZS,..,..,..,..,..,..,..,..,..,..,..,..,..,..,..,..,..,..,..,..,..,..,..,..,..,..,..,29.2975902557373,8.87452030181885,3.76628994941711,..
Samoa,WSM,Adolescents out of school (% of lower secondary school age),SE.SEC.UNER.LO.ZS,..,..,..,..,..,..,..,..,9.191969871521,8.32637023925781,3.90542006492615,23.9191093444824,..,..,..,..,..,..,..,1.12169003486633,..,..,1.15006005764008,1.23898994922638,0.319759994745255,0.473459988832474,0.0639799982309341,0.991249978542328,..,2.12679004669189,..
San Marino,SMR,Adolescents out of school (% of lower secondary school age),SE.SEC.UNER.LO.ZS,..,..,..,..,..,..,..,..,..,..,..,..,..,..,..,..,..,..,..,..,..,..,..,..,..,..,..,..,6.7460298538208,10.5362195968628,8.41812992095947
Sao Tome and Principe,STP,Adolescents out of school (% of lower secondary school age),SE.SEC.UNER.LO.ZS,..,..,..,..,..,..,..,..,..,..,..,..,..,35.4818000793457,26.2152309417725,13.5844602584839,..,12.7204103469849,11.6694097518921,14.1416702270508,14.3931903839111,5.33064985275269,13.8520402908325,10.9859600067139,12.562159538269,9.58734035491943,..,..,..,..,..
Saudi Arabia,SAU,Adolescents out of school (% of lower secondary school age),SE.SEC.UNER.LO.ZS,..,..,..,..,..,..,..,..,..,..,..,..,..,..,..,..,..,..,..,8.17475032806396,..,..,..,..,..,..,3.07061004638672,..,1.43610000610352,1.04733002185822,1.62102997303009
Senegal,SEN,Adolescents out of school (% of lower secondary school age),SE.SEC.UNER.LO.ZS,..,..,..,..,..,..,..,..,..,..,..,..,..,..,61.7420806884766,53.7766914367676,56.6653289794922,..,..,..,..,..,45.4249610900879,43.5734100341797,40.6874694824219,..,..,..,..,..,60.1813011169434
Serbia,SRB,Adolescents out of school (% of lower secondary school age),SE.SEC.UNER.LO.ZS,..,..,..,..,..,..,..,..,..,..,..,..,..,..,..,..,..,..,2.07136011123657,1.54813003540039,2.66773009300232,0.562290012836456,0.352360010147095,0.216830000281334,1.19816994667053,0.0491999983787537,1.31727004051208,1.55019998550415,1.73283004760742,2.07756996154785,2.79019999504089
Seychelles,SYC,Adolescents out of school (% of lower secondary school age),SE.SEC.UNER.LO.ZS,..,..,..,2.72094988822937,3.456130027771,4.97064018249512,..,..,..,..,..,3.23739004135132,3.01540994644165,..,..,..,..,..,..,..,..,..,..,..,0,..,..,..,..,0.517120003700256,2.92378997802734
Sierra Leone,SLE,Adolescents out of school (% of lower secondary school age),SE.SEC.UNER.LO.ZS,..,..,..,..,..,..,..,..,..,..,..,..,..,..,..,..,..,..,..,..,..,..,..,40.4055404663086,..,42.0625610351563,39.4889907836914,38.5983085632324,49.0292701721191,..,..
Singapore,SGP,Adolescents out of school (% of lower secondary school age),SE.SEC.UNER.LO.ZS,..,..,..,..,..,..,..,..,..,..,..,..,..,..,..,..,..,..,..,..,..,..,..,..,..,..,0.0675100013613701,0.064630001783371,0.558089971542358,0.303350001573563,..
Sint Maarten (Dutch part),SXM,Adolescents out of school (% of lower secondary school age),SE.SEC.UNER.LO.ZS,..,..,..,..,..,..,..,..,..,..,..,..,..,..,..,..,..,..,..,..,..,..,11.7194204330444,..,..,..,..,..,..,..,..
Slovak Republic,SVK,Adolescents out of school (% of lower secondary school age),SE.SEC.UNER.LO.ZS,..,..,..,..,..,..,..,..,..,..,..,..,2.59196996688843,2.42599010467529,2.36947989463806,3.21522998809814,4.7521800994873,5.91768980026245,6.09319019317627,6.2283501625061,4.98710012435913,3.25014996528625,2.90386009216309,3.46628999710083,4.04764986038208,4.25603008270264,4.51983976364136,4.50968980789185,4.65467977523804,4.61257982254028,..
Slovenia,SVN,Adolescents out of school (% of lower secondary school age),SE.SEC.UNER.LO.ZS,..,..,..,..,..,..,..,..,5.23450994491577,4.48078012466431,3.48277997970581,3.08912992477417,1.95360994338989,3.12329006195068,3.85382008552551,3.40528011322021,2.53453993797302,2.66895008087158,0.90828001499176,0.193069994449615,0.950250029563904,1.57409000396729,3.08671998977661,1.72467005252838,0.889540016651154,0.472880005836487,1.04350996017456,0.772059977054596,1.59818994998932,1.10456001758575,..
Small states,SST,Adolescents out of school (% of lower secondary school age),SE.SEC.UNER.LO.ZS,21.2434196472168,20.8144207000732,21.034460067749,21.1496601104736,21.7019996643066,21.044319152832,21.0622100830078,21.1418495178223,21.0316696166992,20.190559387207,20.7235794067383,20.4459991455078,19.3257102966309,19.5334091186523,17.6383304595947,17.0955009460449,16.8825092315674,16.8211708068848,16.1893501281738,16.1430206298828,15.8453397750854,15.2323598861694,15.0608797073364,15.7949304580688,15.3770999908447,15.8330097198486,16.1644496917725,16.1368293762207,15.5606803894043,15.2067003250122,..
Solomon Islands,SLB,Adolescents out of school (% of lower secondary school age),SE.SEC.UNER.LO.ZS,..,..,..,..,..,..,..,..,..,..,..,..,..,..,..,..,16.7465496063232,29.8762702941895,..,..,..,..,..,..,..,..,..,..,..,..,..
Somalia,SOM,Adolescents out of school (% of lower secondary school age),SE.SEC.UNER.LO.ZS,..,..,..,..,..,..,..,..,..,..,..,..,..,..,..,..,..,..,..,..,..,..,..,..,..,..,..,..,..,..,..
South Africa,ZAF,Adolescents out of school (% of lower secondary school age),SE.SEC.UNER.LO.ZS,..,..,..,..,13.3758001327515,..,..,..,..,13.1182098388672,14.4715099334717,16.195240020752,14.7632102966309,12.9476404190063,10.3903198242188,8.70149993896484,..,..,..,..,..,..,..,..,..,..,..,19.1390991210938,14.3636302947998,10.3239498138428,..
South Asia,SAS,Adolescents out of school (% of lower secondary school age),SE.SEC.UNER.LO.ZS,..,..,..,..,..,..,..,..,..,41.24477,40.57994,40.66523,39.53598,35.8533,34.21889,32.76104,30.9646,28.9071,27.77004,27.45992,25.12232,23.7212,21.58348,20.34985,19.88869,17.43248,16.92664,17.19366,16.50208,16.7724,16.35915
South Asia (IDA & IBRD),TSA,Adolescents out of school (% of lower secondary school age),SE.SEC.UNER.LO.ZS,..,..,..,..,..,..,..,..,..,41.2447700500488,40.5799407958984,40.6652297973633,39.5359802246094,35.8532981872559,34.2188911437988,32.7610397338867,30.964599609375,28.9071006774902,27.770040512085,27.4599208831787,25.1223201751709,23.7212009429932,21.5834808349609,20.3498497009277,19.8886909484863,17.4324798583984,16.9266395568848,17.193660736084,16.5020809173584,16.7723999023438,16.3591499328613
South Sudan,SSD,Adolescents out of school (% of lower secondary school age),SE.SEC.UNER.LO.ZS,..,..,..,..,..,..,..,..,..,..,..,..,..,..,..,..,..,..,..,..,..,46.4213714599609,..,..,..,55.936450958252,..,..,..,..,..
Spain,ESP,Adolescents out of school (% of lower secondary school age),SE.SEC.UNER.LO.ZS,..,..,..,..,..,..,..,..,..,2.84666991233826,2.58638000488281,1.64022994041443,0.748709976673126,0.616190016269684,0.865750014781952,0.475769996643066,0.258080005645752,0.806079983711243,1.34934997558594,2.235680103302,3.44823002815247,5.68536996841431,5.15821981430054,3.08975005149841,1.2907999753952,0.092620000243187,0.280290007591248,0.154420003294945,0.382939994335175,0.363359987735748,..
Sri Lanka,LKA,Adolescents out of school (% of lower secondary school age),SE.SEC.UNER.LO.ZS,..,..,..,..,..,..,..,..,..,..,..,..,..,..,..,..,..,..,..,..,6.77786016464233,7.02541017532349,6.58237981796265,5.90309000015259,..,..,..,1.33250999450684,0.131500005722046,..,..
St. Kitts and Nevis,KNA,Adolescents out of school (% of lower secondary school age),SE.SEC.UNER.LO.ZS,..,..,3.19998002052307,..,..,..,..,..,..,..,..,..,5.72643995285034,4.91049003601074,5.10211992263794,0.731599986553192,..,1.63388001918793,..,..,..,2.34760999679565,13.4160995483398,..,..,..,..,..,..,..,..
St. Lucia,LCA,Adolescents out of school (% of lower secondary school age),SE.SEC.UNER.LO.ZS,..,..,..,..,..,..,..,..,..,28.2640705108643,9.08296966552734,24.49587059021,34.4692611694336,28.8774604797363,28.1386909484863,18.3529205322266,8.36933040618896,13.7194204330444,9.61985969543457,8.65017986297607,11.1618204116821,13.7058401107788,13.4184303283691,13.7177200317383,..,9.54063987731934,12.0271596908569,10.9295797348022,11.8624000549316,9.69904041290283,9.11155033111572
St. Martin (French part),MAF,Adolescents out of school (% of lower secondary school age),SE.SEC.UNER.LO.ZS,..,..,..,..,..,..,..,..,..,..,..,..,..,..,..,..,..,..,..,..,..,..,..,..,..,..,..,..,..,..,..
St. Vincent and the Grenadines,VCT,Adolescents out of school (% of lower secondary school age),SE.SEC.UNER.LO.ZS,..,..,..,..,..,..,..,..,..,..,..,32.9088287353516,1.78255999088287,3.12967991828918,2.45356011390686,..,..,3.23606991767883,3.35245990753174,2.37591004371643,5.50660991668701,..,..,1.1645599603653,0.602090001106262,3.386549949646,2.44762992858887,0.67671000957489,1.53782999515533,3.00510001182556,..
Sub-Saharan Africa,SSF,Adolescents out of school (% of lower secondary school age),SE.SEC.UNER.LO.ZS,..,..,..,..,..,..,..,..,49.5173416137695,48.6379089355469,47.5665283203125,47.0312385559082,45.6795310974121,44.5833702087402,43.5642204284668,42.5124702453613,41.5891799926758,41.8494415283203,40.7789993286133,39.7514991760254,38.049129486084,37.5915908813477,37.1738815307617,37.901180267334,38.711109161377,38.3366317749023,37.4835815429688,36.6587295532227,35.8764305114746,36.4036293029785,36.5981101989746
Sub-Saharan Africa (excluding high income),SSA,Adolescents out of school (% of lower secondary school age),SE.SEC.UNER.LO.ZS,..,..,..,..,..,..,..,..,49.5213813781738,48.6420288085938,47.5707092285156,47.0353393554688,45.6833610534668,44.5871696472168,43.5676193237305,42.5158805847168,41.5924415588379,41.8526306152344,40.7819595336914,39.7542304992676,38.0516014099121,37.5938987731934,37.1760597229004,37.9033203125,38.7132301330566,38.3386497497559,37.4855117797852,36.6606101989746,35.8782806396484,36.4054794311523,36.5998306274414
Sub-Saharan Africa (IDA & IBRD),TSS,Adolescents out of school (% of lower secondary school age),SE.SEC.UNER.LO.ZS,..,..,..,..,..,..,..,..,49.5173416137695,48.6379089355469,47.5665283203125,47.0312385559082,45.6795310974121,44.5833702087402,43.5642204284668,42.5124702453613,41.5891799926758,41.8494415283203,40.7789993286133,39.7514991760254,38.049129486084,37.5915908813477,37.1738815307617,37.901180267334,38.711109161377,38.3366317749023,37.4835815429688,36.6587295532227,35.8764305114746,36.4036293029785,36.5981101989746
Sudan,SDN,Adolescents out of school (% of lower secondary school age),SE.SEC.UNER.LO.ZS,..,..,..,..,..,..,..,..,..,..,..,..,..,..,..,..,..,..,..,..,..,55.2348289489746,..,..,..,..,..,..,34.3439598083496,..,..
Suriname,SUR,Adolescents out of school (% of lower secondary school age),SE.SEC.UNER.LO.ZS,..,..,..,..,..,..,..,..,..,..,..,..,..,..,..,..,..,..,..,29.9714603424072,23.9350700378418,20.2044296264648,16.4239101409912,15.0104703903198,14.0079298019409,14.9911603927612,..,..,..,..,..
Sweden,SWE,Adolescents out of school (% of lower secondary school age),SE.SEC.UNER.LO.ZS,..,..,..,..,..,..,..,..,..,0.805710017681122,0.463979989290237,0.904489994049072,0.81360000371933,0.769209980964661,0.0754899978637695,0.487819999456406,0.462969988584518,2.38667988777161,5.52089977264404,8.36756992340088,8.72566986083984,8.86305046081543,4.1531400680542,0.0105400001630187,0.186670005321503,0.159070000052452,..,..,..,..,..
Switzerland,CHE,Adolescents out of school (% of lower secondary school age),SE.SEC.UNER.LO.ZS,11.198920249939,9.34902954101563,7.08294010162354,5.18393993377686,4.19665002822876,..,..,..,..,2.62841010093689,1.64196002483368,1.82965004444122,0.641889989376068,0.13620999455452,0.143859997391701,0.0284499991685152,0.172460004687309,..,..,..,..,..,..,1.19194996356964,0.0450199991464615,0.295639991760254,0.445639997720718,1.48403000831604,0.977209985256195,0.614929974079132,..
Syrian Arab Republic,SYR,Adolescents out of school (% of lower secondary school age),SE.SEC.UNER.LO.ZS,..,..,..,..,..,..,..,..,38.6803207397461,38.591178894043,38.7781295776367,35.8247985839844,33.8557205200195,20.3997898101807,16.442419052124,11.6150903701782,14.2975902557373,11.9096403121948,11.8575096130371,12.0270500183105,11.9813604354858,10.2257604598999,5.73492002487183,38.1100616455078,..,..,..,..,..,..,..
Tajikistan,TJK,Adolescents out of school (% of lower secondary school age),SE.SEC.UNER.LO.ZS,..,..,..,..,..,..,..,..,..,26.54833984375,17.3407096862793,17.8405990600586,13.4005002975464,..,8.43185043334961,9.1113395690918,7.89399003982544,6.26070022583008,6.37197017669678,6.25439977645874,5.35696983337402,5.83233976364136,..,..,..,..,..,..,..,..,..
Tanzania,TZA,Adolescents out of school (% of lower secondary school age),SE.SEC.UNER.LO.ZS,..,..,..,..,..,..,..,..,..,..,..,..,..,..,..,..,..,..,..,..,..,..,58.7420692443848,58.7995109558105,62.3789901733398,67.7382965087891,71.7524719238281,..,..,..,..
Thailand,THA,Adolescents out of school (% of lower secondary school age),SE.SEC.UNER.LO.ZS,..,..,..,..,..,..,..,..,..,..,..,..,..,..,..,..,4.29639005661011,3.92156004905701,4.50340986251831,3.55742001533508,..,..,..,..,..,..,..,..,..,..,..
Timor-Leste,TLS,Adolescents out of school (% of lower secondary school age),SE.SEC.UNER.LO.ZS,..,..,..,..,..,..,..,..,..,..,..,..,..,..,..,..,..,..,29.6675605773926,27.1831703186035,24.9480991363525,20.2276706695557,17.5088901519775,16.9573402404785,14.9147596359253,14.8083600997925,13.3687696456909,12.6485595703125,12.6165800094604,10.22935962677,..
Togo,TGO,Adolescents out of school (% of lower secondary school age),SE.SEC.UNER.LO.ZS,..,42.5261917114258,..,..,..,..,..,..,..,34.2048797607422,39.5670509338379,37.6579399108887,..,33.9751815795898,33.825080871582,32.6173210144043,..,37.3637619018555,..,..,..,..,..,..,..,..,..,21.4450206756592,..,..,..
Tonga,TON,Adolescents out of school (% of lower secondary school age),SE.SEC.UNER.LO.ZS,..,..,..,..,..,..,..,..,3.13758993148804,3.61907005310059,..,18.8156890869141,..,..,..,..,..,..,..,..,..,..,2.37824988365173,7.45848989486694,1.67461001873016,4.92003011703491,..,..,8.18694019317627,6.43388986587524,10.8834400177002
Trinidad and Tobago,TTO,Adolescents out of school (% of lower secondary school age),SE.SEC.UNER.LO.ZS,..,..,..,13.9688596725464,..,..,..,..,..,..,..,..,..,..,11.7335195541382,..,..,..,..,..,..,..,..,..,..,..,..,..,..,..,..
Tunisia,TUN,Adolescents out of school (% of lower secondary school age),SE.SEC.UNER.LO.ZS,..,..,..,..,..,..,..,..,..,..,..,..,..,..,..,..,..,..,..,..,..,..,..,..,..,..,..,..,..,..,..
Turkey,TUR,Adolescents out of school (% of lower secondary school age),SE.SEC.UNER.LO.ZS,36.0275192260742,33.8255996704102,32.8897514343262,30.9230804443359,..,..,..,32.836841583252,..,21.1059608459473,11.8047800064087,7.79515981674194,6.6430401802063,6.44075012207031,5.79235982894897,5.30280017852783,4.65162992477417,4.11294984817505,3.50066995620728,2.91322994232178,1.94260001182556,1.2049800157547,0.969280004501343,3.18261003494263,5.487380027771,8.00510025024414,9.79804992675781,8.91417980194092,6.21764993667603,3.48942995071411,..
Turkmenistan,TKM,Adolescents out of school (% of lower secondary school age),SE.SEC.UNER.LO.ZS,..,..,..,..,..,..,..,..,..,..,..,..,..,..,..,..,..,..,..,..,..,..,..,..,..,..,..,..,..,..,..
Turks and Caicos Islands,TCA,Adolescents out of school (% of lower secondary school age),SE.SEC.UNER.LO.ZS,..,..,..,..,..,..,..,..,..,21.5601291656494,10.4638595581055,..,..,..,..,..,..,..,..,6.25889015197754,..,..,..,..,39.397590637207,32.4510917663574,..,..,19.5616397857666,..,11.9507904052734
Tuvalu,TUV,Adolescents out of school (% of lower secondary school age),SE.SEC.UNER.LO.ZS,..,..,..,..,..,..,..,..,..,..,..,..,..,..,..,..,..,..,..,..,..,..,..,..,18.1818199157715,7.92337989807129,30.1604309082031,26.7368392944336,22.7887592315674,30.9352493286133,33.1979713439941
Uganda,UGA,Adolescents out of school (% of lower secondary school age),SE.SEC.UNER.LO.ZS,..,..,..,..,..,..,..,..,..,..,..,..,..,..,..,..,..,..,..,..,..,..,40.2521209716797,44.9498405456543,40.2053718566895,47.2023506164551,45.9859008789063,48.7553596496582,..,..,..
Ukraine,UKR,Adolescents out of school (% of lower secondary school age),SE.SEC.UNER.LO.ZS,..,..,..,..,..,..,..,..,..,..,..,..,2.3673300743103,2.18208003044128,2.37778997421265,4.13767004013062,3.6620500087738,3.97141003608704,4.50018978118896,4.81603002548218,5.23769998550415,5.31427001953125,5.99773979187012,5.18096017837524,3.64492011070251,..,..,..,..,..,..
United Arab Emirates,ARE,Adolescents out of school (% of lower secondary school age),SE.SEC.UNER.LO.ZS,..,15.8781404495239,13.273229598999,9.81704044342041,6.54006004333496,8.5277099609375,..,13.520299911499,13.6979999542236,..,..,..,..,..,..,..,..,..,..,..,..,..,..,..,..,..,2.2660698890686,0.565789997577667,..,0.0878399983048439,0.715960025787354
United Kingdom,GBR,Adolescents out of school (% of lower secondary school age),SE.SEC.UNER.LO.ZS,..,..,..,..,..,..,..,..,1.39031004905701,0.667840003967285,0.272430002689362,0.245979994535446,0.436340004205704,0.477789998054504,0.439300000667572,0.483139991760254,1.30599999427795,3.84707999229431,1.6672899723053,0.068060003221035,0.0363899990916252,1.62988996505737,6.02610015869141,3.33517003059387,3.46449995040894,1.82056999206543,..,0.127790004014969,0.122699998319149,0.162070006132126,..
United States,USA,Adolescents out of school (% of lower secondary school age),SE.SEC.UNER.LO.ZS,..,..,..,..,..,..,..,..,..,..,..,..,..,..,..,..,..,..,..,..,..,..,..,..,..,..,..,..,..,..,..
Upper middle income,UMC,Adolescents out of school (% of lower secondary school age),SE.SEC.UNER.LO.ZS,..,..,..,..,..,..,..,..,14.9719295501709,15.2767400741577,14.9420204162598,14.6568202972412,12.9260501861572,10.875340461731,9.62462043762207,8.21380043029785,7.92011022567749,7.32883977890015,6.59388017654419,6.28544998168945,6.49926996231079,6.67917013168335,7.05019998550415,6.67332983016968,6.68174982070923,6.73219013214111,6.83501005172729,7.08705997467041,6.78280019760132,6.62694978713989,6.89013004302979
Uruguay,URY,Adolescents out of school (% of lower secondary school age),SE.SEC.UNER.LO.ZS,..,..,..,..,..,..,..,..,..,..,..,..,..,..,..,..,..,8.32334041595459,8.21191024780273,7.73760986328125,..,12.0609502792358,12.3907403945923,..,4.98442983627319,0.478320002555847,0.748839974403381,0.261339992284775,..,0.838209986686707,..
Uzbekistan,UZB,Adolescents out of school (% of lower secondary school age),SE.SEC.UNER.LO.ZS,..,..,..,..,..,..,..,..,..,..,..,..,..,..,..,..,..,3.28637003898621,4.36254978179932,4.86119985580444,5.2945499420166,6.80205011367798,7.58687019348145,8.25146961212158,6.73705005645752,6.68974018096924,4.833740234375,3.92283010482788,2.41641998291016,1.21013998985291,..
Vanuatu,VUT,Adolescents out of school (% of lower secondary school age),SE.SEC.UNER.LO.ZS,..,..,..,..,..,..,..,..,..,28.9850101470947,18.4074306488037,17.2559509277344,11.35023021698,13.8336496353149,12.3295497894287,..,..,..,..,..,..,5.6738600730896,0.24337999522686,..,..,3.40196990966797,..,..,12.0726099014282,15.6342802047729,25.1306304931641
"Venezuela, RB",VEN,Adolescents out of school (% of lower secondary school age),SE.SEC.UNER.LO.ZS,..,..,..,..,..,..,..,..,..,24.8891105651855,23.5608997344971,19.8759098052979,17.6864891052246,16.3135509490967,13.9242401123047,12.4981002807617,9.68628025054932,6.32017993927002,8.08174991607666,6.57074022293091,8.08082962036133,9.36149024963379,7.61420011520386,5.50334978103638,7.06180000305176,8.44659042358398,9.71154975891113,14.0776996612549,..,..,..
Vietnam,VNM,Adolescents out of school (% of lower secondary school age),SE.SEC.UNER.LO.ZS,..,..,..,..,..,..,..,..,..,..,14.8445596694946,14.3667697906494,11.9257097244263,..,..,..,..,..,..,..,..,..,..,..,..,..,..,..,..,..,..
Virgin Islands (U.S.),VIR,Adolescents out of school (% of lower secondary school age),SE.SEC.UNER.LO.ZS,..,..,..,..,..,..,..,..,..,..,..,..,..,..,..,..,..,..,..,..,..,..,..,..,..,..,..,..,..,..,..
West Bank and Gaza,PSE,Adolescents out of school (% of lower secondary school age),SE.SEC.UNER.LO.ZS,..,..,..,..,..,..,..,..,..,18.1717300415039,17.0231494903564,15.9451599121094,14.2553901672363,11.3664798736572,8.85809993743896,7.08217000961304,8.04751014709473,8.36555004119873,9.83236980438232,11.0419998168945,13.1986198425293,14.9325103759766,14.0806999206543,13.0126695632935,11.4147300720215,8.97008037567139,7.35438013076782,5.37402009963989,2.5948600769043,2.54889011383057,3.05890989303589
World,WLD,Adolescents out of school (% of lower secondary school age),SE.SEC.UNER.LO.ZS,..,..,..,..,..,..,..,..,25.7541198730469,25.8534908294678,25.1418704986572,24.6711196899414,23.4170894622803,21.5794792175293,20.6942806243896,20.0171203613281,19.6480903625488,18.8870601654053,18.5123100280762,18.1337604522705,17.3934993743896,17.1123104095459,16.5464401245117,16.4233894348145,16.485710144043,15.7934598922729,15.6118097305298,15.7050895690918,15.3219604492188,15.5021896362305,15.6086502075195
"Yemen, Rep.",YEM,Adolescents out of school (% of lower secondary school age),SE.SEC.UNER.LO.ZS,..,..,..,..,..,..,..,..,..,37.0780296325684,..,..,..,..,..,..,..,..,..,..,39.0224113464355,..,36.5627098083496,31.5189609527588,..,..,28.4431495666504,..,..,..,..
Zambia,ZMB,Adolescents out of school (% of lower secondary school age),SE.SEC.UNER.LO.ZS,..,..,..,..,..,..,..,..,..,..,..,..,..,..,..,..,..,..,..,..,..,..,..,..,..,..,..,..,..,..,..
Zimbabwe,ZWE,Adolescents out of school (% of lower secondary school age),SE.SEC.UNER.LO.ZS,..,..,..,..,..,..,..,..,..,8.95042037963867,9.68350028991699,8.64472007751465,16.8591899871826,21.5783004760742,..,..,..,..,..,..,..,..,4.7273998260498,2.25416994094849,2.62631988525391,3.03256011009216,2.261470079422,2.35679006576538,6.22606992721558,7.54431009292603,21.8754119873047
,,,,,,,,,,,,,,,,,,,,,,,,,,,,,,,,,,
,,,,,,,,,,,,,,,,,,,,,,,,,,,,,,,,,,
,,,,,,,,,,,,,,,,,,,,,,,,,,,,,,,,,,
Data from database: Sustainable Development Goals (SDGs),,,,,,,,,,,,,,,,,,,,,,,,,,,,,,,,,,
Last Updated: 07/22/2022,,,,,,,,,,,,,,,,,,,,,,,,,,,,,,,,,,
